Started GET "/" for 127.0.0.1 at 2025-11-29 23:17:53 +0300
  [1m[35m (3.1ms)[0m  [1m[35mCREATE TABLE "schema_migrations" ("version" varchar NOT NULL PRIMARY KEY) /*application='SmartScoreCounter'*/[0m
  [1m[35m (0.1ms)[0m  [1m[35mCREATE TABLE "ar_internal_metadata" ("key" varchar NOT NULL PRIMARY KEY, "value" varchar, "created_at" datetime(6) NOT NULL, "updated_at" datetime(6) NOT NULL) /*application='SmartScoreCounter'*/[0m
  [1m[36mActiveRecord::SchemaMigration Load (0.2ms)[0m  [1m[34mSELECT "schema_migrations"."version" FROM "schema_migrations" ORDER BY "schema_migrations"."version" ASC /*application='SmartScoreCounter'*/[0m
Processing by Rails::WelcomeController#index as HTML
  Rendering vendor/bundle/ruby/3.4.0/gems/railties-8.1.1/lib/rails/templates/rails/welcome/index.html.erb
  Rendered vendor/bundle/ruby/3.4.0/gems/railties-8.1.1/lib/rails/templates/rails/welcome/index.html.erb (Duration: 0.5ms | GC: 0.0ms)
Completed 200 OK in 20ms (Views: 5.5ms | ActiveRecord: 0.0ms (0 queries, 0 cached) | GC: 2.5ms)


Started GET "/" for 127.0.0.1 at 2025-11-29 23:17:53 +0300
Processing by Rails::WelcomeController#index as HTML
  Rendering vendor/bundle/ruby/3.4.0/gems/railties-8.1.1/lib/rails/templates/rails/welcome/index.html.erb
  Rendered vendor/bundle/ruby/3.4.0/gems/railties-8.1.1/lib/rails/templates/rails/welcome/index.html.erb (Duration: 0.1ms | GC: 0.0ms)
Completed 200 OK in 1ms (Views: 0.8ms | ActiveRecord: 0.0ms (0 queries, 0 cached) | GC: 0.0ms)


Started GET "/" for 127.0.0.1 at 2025-12-06 17:05:10 +0300
  [1m[36mActiveRecord::SchemaMigration Load (1.4ms)[0m  [1m[34mSELECT "schema_migrations"."version" FROM "schema_migrations" ORDER BY "schema_migrations"."version" ASC /*application='SmartScoreCounter'*/[0m
Processing by MainController#index as HTML
  Rendering layout layouts/application.html.erb
  Rendering main/index.html.erb within layouts/application
  Rendered main/index.html.erb within layouts/application (Duration: 4.2ms | GC: 0.0ms)
  Rendered layout layouts/application.html.erb (Duration: 156.8ms | GC: 0.0ms)
Completed 200 OK in 773ms (Views: 226.8ms | ActiveRecord: 0.0ms (0 queries, 0 cached) | GC: 0.0ms)


Started GET "/%7BlogoImage%7D" for 127.0.0.1 at 2025-12-06 17:05:11 +0300
  
ActionController::RoutingError (No route matches [GET] "/%7BlogoImage%7D"):
  
Started GET "/" for 127.0.0.1 at 2025-12-06 17:07:40 +0300
  [1m[36mActiveRecord::SchemaMigration Load (1.4ms)[0m  [1m[34mSELECT "schema_migrations"."version" FROM "schema_migrations" ORDER BY "schema_migrations"."version" ASC /*application='SmartScoreCounter'*/[0m
Processing by MainController#index as HTML
  Rendering layout layouts/application.html.erb
  Rendering main/index.html.erb within layouts/application
  Rendered main/index.html.erb within layouts/application (Duration: 2.7ms | GC: 0.0ms)
  Rendered layout layouts/application.html.erb (Duration: 56.4ms | GC: 0.0ms)
Completed 200 OK in 238ms (Views: 82.1ms | ActiveRecord: 0.0ms (0 queries, 0 cached) | GC: 0.0ms)


Started GET "/%7BlogoImage%7D" for 127.0.0.1 at 2025-12-06 17:07:41 +0300
  
ActionController::RoutingError (No route matches [GET] "/%7BlogoImage%7D"):
  
Started GET "/" for 127.0.0.1 at 2025-12-06 17:10:25 +0300
  [1m[36mActiveRecord::SchemaMigration Load (1.3ms)[0m  [1m[34mSELECT "schema_migrations"."version" FROM "schema_migrations" ORDER BY "schema_migrations"."version" ASC /*application='SmartScoreCounter'*/[0m
Processing by MainController#index as HTML
  Rendering layout layouts/application.html.erb
  Rendering main/index.html.erb within layouts/application
  Rendered main/index.html.erb within layouts/application (Duration: 28.6ms | GC: 0.0ms)
  Rendered layout layouts/application.html.erb (Duration: 59.7ms | GC: 0.0ms)
Completed 200 OK in 224ms (Views: 83.1ms | ActiveRecord: 0.0ms (0 queries, 0 cached) | GC: 0.0ms)


Started GET "/" for 127.0.0.1 at 2025-12-06 17:15:19 +0300
  [1m[36mActiveRecord::SchemaMigration Load (1.3ms)[0m  [1m[34mSELECT "schema_migrations"."version" FROM "schema_migrations" ORDER BY "schema_migrations"."version" ASC /*application='SmartScoreCounter'*/[0m
Processing by MainController#index as HTML
  Rendering layout layouts/application.html.erb
  Rendering main/index.html.erb within layouts/application
  Rendered main/index.html.erb within layouts/application (Duration: 6.8ms | GC: 0.0ms)
  Rendered layout layouts/application.html.erb (Duration: 7.7ms | GC: 0.0ms)
Completed 500 Internal Server Error in 184ms (ActiveRecord: 0.0ms (0 queries, 0 cached) | GC: 0.0ms)


  
ActionView::Template::Error (undefined local variable or method 'current_user' for an instance of #<Class:0x00007f002c868b60>)
Caused by: NameError (undefined local variable or method 'current_user' for an instance of #<Class:0x00007f002c868b60>)

Information for: ActionView::Template::Error (undefined local variable or method 'current_user' for an instance of #<Class:0x00007f002c868b60>):
    65: 
    66:   <%# Example of dynamic content with Ruby %>
    67:   <% if current_user %>
    68:     <p>Welcome back, <%= current_user.name %>!</p>
    69:   <% else %>
    70:     <p>Please sign in to continue.</p>
    71:   <% end %>
  
app/views/main/index.html.erb:68

Information for cause: NameError (undefined local variable or method 'current_user' for an instance of #<Class:0x00007f002c868b60>):
  
app/views/main/index.html.erb:68
Started GET "/" for 127.0.0.1 at 2025-12-06 17:15:53 +0300
  [1m[36mActiveRecord::SchemaMigration Load (1.3ms)[0m  [1m[34mSELECT "schema_migrations"."version" FROM "schema_migrations" ORDER BY "schema_migrations"."version" ASC /*application='SmartScoreCounter'*/[0m
Processing by MainController#index as HTML
  Rendering layout layouts/application.html.erb
  Rendering main/index.html.erb within layouts/application
  Rendered main/index.html.erb within layouts/application (Duration: 7.1ms | GC: 0.0ms)
  Rendered layout layouts/application.html.erb (Duration: 7.9ms | GC: 0.0ms)
Completed 500 Internal Server Error in 175ms (ActiveRecord: 0.0ms (0 queries, 0 cached) | GC: 0.0ms)


  
ActionView::Template::Error (undefined local variable or method 'current_user' for an instance of #<Class:0x00007fbc47be8498>)
Caused by: NameError (undefined local variable or method 'current_user' for an instance of #<Class:0x00007fbc47be8498>)

Information for: ActionView::Template::Error (undefined local variable or method 'current_user' for an instance of #<Class:0x00007fbc47be8498>):
    66:   <%# Example of dynamic content with Ruby %>
    67:   <% if true %>
    68:     <p>Welcome back, <%= current_user.name %>!</p>
    69:   <% else %>
    70:     <p>Please sign in to continue.</p>
    71:   <% end %>
    72: </div>
  
app/views/main/index.html.erb:69

Information for cause: NameError (undefined local variable or method 'current_user' for an instance of #<Class:0x00007fbc47be8498>):
  
app/views/main/index.html.erb:69
Started GET "/" for 127.0.0.1 at 2025-12-06 17:16:13 +0300
Processing by MainController#index as HTML
  Rendering layout layouts/application.html.erb
  Rendering main/index.html.erb within layouts/application
  Rendered main/index.html.erb within layouts/application (Duration: 3.0ms | GC: 0.0ms)
  Rendered layout layouts/application.html.erb (Duration: 3.9ms | GC: 0.0ms)
Completed 500 Internal Server Error in 35ms (ActiveRecord: 0.0ms (0 queries, 0 cached) | GC: 0.0ms)


  
ActionView::Template::Error (undefined method 'user_signed_in?' for an instance of #<Class:0x00007fbc47a243a0>)
Caused by: NoMethodError (undefined method 'user_signed_in?' for an instance of #<Class:0x00007fbc47a243a0>)

Information for: ActionView::Template::Error (undefined method 'user_signed_in?' for an instance of #<Class:0x00007fbc47a243a0>):
    87: 
    88:   <%# Example link using Rails helpers %>
    89:   <%= link_to "Go to Dashboard", dashboard_path, class: "btn btn-primary" if user_signed_in? %>
    90: </div>
    91: </body>
    92: </html>
  
app/views/main/index.html.erb:90

Information for cause: NoMethodError (undefined method 'user_signed_in?' for an instance of #<Class:0x00007fbc47a243a0>):
  
app/views/main/index.html.erb:90
Started GET "/" for 127.0.0.1 at 2025-12-06 17:16:42 +0300
Processing by MainController#index as HTML
  Rendering layout layouts/application.html.erb
  Rendering main/index.html.erb within layouts/application
  Rendered main/index.html.erb within layouts/application (Duration: 3.3ms | GC: 0.0ms)
  Rendered layout layouts/application.html.erb (Duration: 6.2ms | GC: 2.0ms)
Completed 500 Internal Server Error in 36ms (ActiveRecord: 0.0ms (0 queries, 0 cached) | GC: 2.4ms)


  
ActionView::Template::Error (undefined local variable or method 'dashboard_path' for an instance of #<Class:0x00007fbc466cc280>)
Caused by: NameError (undefined local variable or method 'dashboard_path' for an instance of #<Class:0x00007fbc466cc280>)

Information for: ActionView::Template::Error (undefined local variable or method 'dashboard_path' for an instance of #<Class:0x00007fbc466cc280>):
    87: 
    88:   <%# Example link using Rails helpers %>
    89:   <%= link_to "Go to Dashboard", dashboard_path, class: "btn btn-primary" if true %>
    90: </div>
    91: </body>
    92: </html>
  
app/views/main/index.html.erb:90

Information for cause: NameError (undefined local variable or method 'dashboard_path' for an instance of #<Class:0x00007fbc466cc280>):
  
app/views/main/index.html.erb:90
Started GET "/" for 127.0.0.1 at 2025-12-06 17:16:44 +0300
Processing by MainController#index as HTML
  Rendering layout layouts/application.html.erb
  Rendering main/index.html.erb within layouts/application
  Rendered main/index.html.erb within layouts/application (Duration: 2.2ms | GC: 1.8ms)
  Rendered layout layouts/application.html.erb (Duration: 3.7ms | GC: 2.4ms)
Completed 500 Internal Server Error in 19ms (ActiveRecord: 0.0ms (0 queries, 0 cached) | GC: 3.1ms)


  
ActionView::Template::Error (undefined local variable or method 'dashboard_path' for an instance of #<Class:0x00007fbc466cc280>)
Caused by: NameError (undefined local variable or method 'dashboard_path' for an instance of #<Class:0x00007fbc466cc280>)

Information for: ActionView::Template::Error (undefined local variable or method 'dashboard_path' for an instance of #<Class:0x00007fbc466cc280>):
    87: 
    88:   <%# Example link using Rails helpers %>
    89:   <%= link_to "Go to Dashboard", dashboard_path, class: "btn btn-primary" if true %>
    90: </div>
    91: </body>
    92: </html>
  
app/views/main/index.html.erb:90

Information for cause: NameError (undefined local variable or method 'dashboard_path' for an instance of #<Class:0x00007fbc466cc280>):
  
app/views/main/index.html.erb:90
Started GET "/" for 127.0.0.1 at 2025-12-06 17:16:54 +0300
Processing by MainController#index as HTML
  Rendering layout layouts/application.html.erb
  Rendering main/index.html.erb within layouts/application
  Rendered main/index.html.erb within layouts/application (Duration: 3.2ms | GC: 0.0ms)
  Rendered layout layouts/application.html.erb (Duration: 50.1ms | GC: 0.0ms)
Completed 200 OK in 79ms (Views: 59.9ms | ActiveRecord: 0.0ms (0 queries, 0 cached) | GC: 0.0ms)


Started GET "/" for 127.0.0.1 at 2025-12-06 17:17:42 +0300
Processing by MainController#index as HTML
  Rendering layout layouts/application.html.erb
  Rendering main/index.html.erb within layouts/application
  Rendered main/index.html.erb within layouts/application (Duration: 3.5ms | GC: 0.0ms)
  Rendered layout layouts/application.html.erb (Duration: 7.9ms | GC: 0.0ms)
Completed 200 OK in 38ms (Views: 18.0ms | ActiveRecord: 0.0ms (0 queries, 0 cached) | GC: 0.0ms)


Started GET "/" for 127.0.0.1 at 2025-12-06 17:17:57 +0300
Processing by MainController#index as HTML
  Rendering layout layouts/application.html.erb
  Rendering main/index.html.erb within layouts/application
  Rendered main/index.html.erb within layouts/application (Duration: 3.1ms | GC: 0.0ms)
  Rendered layout layouts/application.html.erb (Duration: 8.2ms | GC: 0.0ms)
Completed 200 OK in 41ms (Views: 19.2ms | ActiveRecord: 0.0ms (0 queries, 0 cached) | GC: 0.0ms)


Started GET "/" for 127.0.0.1 at 2025-12-06 17:18:15 +0300
Processing by MainController#index as HTML
  Rendering layout layouts/application.html.erb
  Rendering main/index.html.erb within layouts/application
  Rendered main/index.html.erb within layouts/application (Duration: 2.8ms | GC: 0.0ms)
  Rendered layout layouts/application.html.erb (Duration: 6.9ms | GC: 0.0ms)
Completed 200 OK in 35ms (Views: 16.5ms | ActiveRecord: 0.0ms (0 queries, 0 cached) | GC: 0.0ms)


Started GET "/" for 127.0.0.1 at 2025-12-06 17:19:04 +0300
Processing by MainController#index as HTML
  Rendering layout layouts/application.html.erb
  Rendering main/index.html.erb within layouts/application
  Rendered main/index.html.erb within layouts/application (Duration: 3.6ms | GC: 0.8ms)
  Rendered layout layouts/application.html.erb (Duration: 8.6ms | GC: 1.2ms)
Completed 200 OK in 43ms (Views: 20.9ms | ActiveRecord: 0.0ms (0 queries, 0 cached) | GC: 3.9ms)


Started GET "/" for 127.0.0.1 at 2025-12-06 17:19:19 +0300
Processing by MainController#index as HTML
  Rendering layout layouts/application.html.erb
  Rendering main/index.html.erb within layouts/application
  Rendered main/index.html.erb within layouts/application (Duration: 3.2ms | GC: 0.0ms)
  Rendered layout layouts/application.html.erb (Duration: 8.3ms | GC: 0.0ms)
Completed 200 OK in 45ms (Views: 20.7ms | ActiveRecord: 0.0ms (0 queries, 0 cached) | GC: 0.5ms)


Started GET "/" for 127.0.0.1 at 2025-12-06 17:19:44 +0300
Started GET "/" for 127.0.0.1 at 2025-12-06 17:19:50 +0300
Processing by MainController#index as HTML
  Rendering layout layouts/application.html.erb
  Rendering main/index.html.erb within layouts/application
  Rendered main/index.html.erb within layouts/application (Duration: 2.6ms | GC: 0.0ms)
  Rendered layout layouts/application.html.erb (Duration: 6.5ms | GC: 0.0ms)
Completed 200 OK in 36ms (Views: 16.3ms | ActiveRecord: 0.0ms (0 queries, 0 cached) | GC: 0.0ms)


Started GET "/" for 127.0.0.1 at 2025-12-06 17:19:51 +0300
Processing by MainController#index as HTML
  Rendering layout layouts/application.html.erb
  Rendering main/index.html.erb within layouts/application
  Rendered main/index.html.erb within layouts/application (Duration: 2.6ms | GC: 0.0ms)
  Rendered layout layouts/application.html.erb (Duration: 6.9ms | GC: 0.0ms)
Completed 200 OK in 34ms (Views: 18.1ms | ActiveRecord: 0.0ms (0 queries, 0 cached) | GC: 0.0ms)


Processing by MainController#index as HTML
  Rendering layout layouts/application.html.erb
  Rendering main/index.html.erb within layouts/application
  Rendered main/index.html.erb within layouts/application (Duration: 0.0ms | GC: 0.0ms)
  Rendered layout layouts/application.html.erb (Duration: 1.4ms | GC: 0.0ms)
Completed 200 OK in 17ms (Views: 2.7ms | ActiveRecord: 0.0ms (0 queries, 0 cached) | GC: 0.0ms)


Started GET "/" for 127.0.0.1 at 2025-12-06 17:19:58 +0300
Started GET "/" for 127.0.0.1 at 2025-12-06 17:19:58 +0300
Processing by MainController#index as HTML
  Rendering layout layouts/application.html.erb
  Rendering main/index.html.erb within layouts/application
Processing by MainController#index as HTML
  Rendered main/index.html.erb within layouts/application (Duration: 0.0ms | GC: 0.0ms)
  Rendered layout layouts/application.html.erb (Duration: 2.2ms | GC: 0.0ms)
Completed 200 OK in 15ms (Views: 3.2ms | ActiveRecord: 0.0ms (0 queries, 0 cached) | GC: 0.0ms)


  Rendering layout layouts/application.html.erb
  Rendering main/index.html.erb within layouts/application
  Rendered main/index.html.erb within layouts/application (Duration: 0.0ms | GC: 0.0ms)
  Rendered layout layouts/application.html.erb (Duration: 1.3ms | GC: 0.0ms)
Completed 200 OK in 15ms (Views: 2.2ms | ActiveRecord: 0.0ms (0 queries, 0 cached) | GC: 0.0ms)


Started GET "/" for 127.0.0.1 at 2025-12-06 17:20:47 +0300
Started GET "/" for 127.0.0.1 at 2025-12-06 17:20:47 +0300
Processing by MainController#index as HTML
Processing by MainController#index as HTML
  Rendering layout layouts/application.html.erb
  Rendering main/index.html.erb within layouts/application
  Rendering layout layouts/application.html.erb
  Rendered main/index.html.erb within layouts/application (Duration: 2.8ms | GC: 0.0ms)
  Rendering main/index.html.erb within layouts/application
  Rendered main/index.html.erb within layouts/application (Duration: 0.0ms | GC: 0.0ms)
  Rendered layout layouts/application.html.erb (Duration: 7.3ms | GC: 0.0ms)
  Rendered layout layouts/application.html.erb (Duration: 4.5ms | GC: 0.0ms)
Completed 200 OK in 30ms (Views: 13.6ms | ActiveRecord: 0.0ms (0 queries, 0 cached) | GC: 0.0ms)


Completed 200 OK in 31ms (Views: 16.9ms | ActiveRecord: 0.0ms (0 queries, 0 cached) | GC: 0.0ms)


Started GET "/" for 127.0.0.1 at 2025-12-06 17:21:47 +0300
Started GET "/" for 127.0.0.1 at 2025-12-06 17:21:47 +0300
Processing by MainController#index as HTML
Processing by MainController#index as HTML
  Rendering layout layouts/application.html.erb
  Rendering main/index.html.erb within layouts/application
  Rendering layout layouts/application.html.erb
  Rendered main/index.html.erb within layouts/application (Duration: 2.6ms | GC: 0.0ms)
  Rendering main/index.html.erb within layouts/application
  Rendered main/index.html.erb within layouts/application (Duration: 0.0ms | GC: 0.0ms)
  Rendered layout layouts/application.html.erb (Duration: 7.0ms | GC: 0.0ms)
  Rendered layout layouts/application.html.erb (Duration: 4.3ms | GC: 0.0ms)
Completed 200 OK in 29ms (Views: 12.7ms | ActiveRecord: 0.0ms (0 queries, 0 cached) | GC: 0.2ms)


Completed 200 OK in 29ms (Views: 15.9ms | ActiveRecord: 0.0ms (0 queries, 0 cached) | GC: 0.2ms)


Started GET "/" for 127.0.0.1 at 2025-12-06 17:22:03 +0300
Started GET "/" for 127.0.0.1 at 2025-12-06 17:22:03 +0300
Processing by MainController#index as HTML
Processing by MainController#index as HTML
  Rendering layout layouts/application.html.erb
  Rendering main/index.html.erb within layouts/application
  Rendering layout layouts/application.html.erb
  Rendered main/index.html.erb within layouts/application (Duration: 2.6ms | GC: 0.0ms)
  Rendering main/index.html.erb within layouts/application
  Rendered main/index.html.erb within layouts/application (Duration: 0.0ms | GC: 0.0ms)
  Rendered layout layouts/application.html.erb (Duration: 7.0ms | GC: 0.0ms)
  Rendered layout layouts/application.html.erb (Duration: 4.3ms | GC: 0.0ms)
Completed 200 OK in 30ms (Views: 13.0ms | ActiveRecord: 0.0ms (0 queries, 0 cached) | GC: 0.5ms)


Completed 200 OK in 31ms (Views: 16.1ms | ActiveRecord: 0.0ms (0 queries, 0 cached) | GC: 0.5ms)


Started GET "/" for 127.0.0.1 at 2025-12-06 17:24:26 +0300
Started GET "/" for 127.0.0.1 at 2025-12-06 17:24:26 +0300
Processing by MainController#index as HTML
Processing by MainController#index as HTML
  Rendering layout layouts/application.html.erb
  Rendering main/index.html.erb within layouts/application
  Rendering layout layouts/application.html.erb
  Rendering main/index.html.erb within layouts/application
  Rendered main/index.html.erb within layouts/application (Duration: 2.6ms | GC: 0.0ms)
  Rendered main/index.html.erb within layouts/application (Duration: 0.0ms | GC: 0.0ms)
  Rendered layout layouts/application.html.erb (Duration: 9.7ms | GC: 2.5ms)
  Rendered layout layouts/application.html.erb (Duration: 9.3ms | GC: 3.2ms)
Completed 200 OK in 36ms (Views: 18.6ms | ActiveRecord: 0.0ms (0 queries, 0 cached) | GC: 6.9ms)


Completed 200 OK in 37ms (Views: 22.1ms | ActiveRecord: 0.0ms (0 queries, 0 cached) | GC: 7.6ms)


Started GET "/" for 127.0.0.1 at 2025-12-06 17:25:05 +0300
Started GET "/" for 127.0.0.1 at 2025-12-06 17:25:05 +0300
Processing by MainController#index as HTML
Processing by MainController#index as HTML
  Rendering layout layouts/application.html.erb
  Rendering main/index.html.erb within layouts/application
  Rendering layout layouts/application.html.erb
  Rendered main/index.html.erb within layouts/application (Duration: 2.8ms | GC: 0.0ms)
  Rendering main/index.html.erb within layouts/application
  Rendered main/index.html.erb within layouts/application (Duration: 0.0ms | GC: 0.0ms)
  Rendered layout layouts/application.html.erb (Duration: 7.3ms | GC: 0.0ms)
  Rendered layout layouts/application.html.erb (Duration: 4.2ms | GC: 0.0ms)
Completed 200 OK in 29ms (Views: 12.9ms | ActiveRecord: 0.0ms (0 queries, 0 cached) | GC: 0.0ms)


Completed 200 OK in 30ms (Views: 16.0ms | ActiveRecord: 0.0ms (0 queries, 0 cached) | GC: 0.0ms)


Started GET "/" for 127.0.0.1 at 2025-12-06 17:25:19 +0300
Started GET "/" for 127.0.0.1 at 2025-12-06 17:25:19 +0300
Processing by MainController#index as HTML
Processing by MainController#index as HTML
  Rendering layout layouts/application.html.erb
  Rendering main/index.html.erb within layouts/application
  Rendering layout layouts/application.html.erb
  Rendering main/index.html.erb within layouts/application
  Rendered main/index.html.erb within layouts/application (Duration: 3.2ms | GC: 0.0ms)
  Rendered main/index.html.erb within layouts/application (Duration: 0.0ms | GC: 0.0ms)
  Rendered layout layouts/application.html.erb (Duration: 7.8ms | GC: 0.0ms)
  Rendered layout layouts/application.html.erb (Duration: 6.0ms | GC: 0.0ms)
Completed 200 OK in 31ms (Views: 13.9ms | ActiveRecord: 0.0ms (0 queries, 0 cached) | GC: 0.0ms)


Completed 200 OK in 31ms (Views: 17.1ms | ActiveRecord: 0.0ms (0 queries, 0 cached) | GC: 0.0ms)


Started GET "/" for 127.0.0.1 at 2025-12-06 17:26:57 +0300
Started GET "/" for 127.0.0.1 at 2025-12-06 17:26:57 +0300
Processing by MainController#index as HTML
Processing by MainController#index as HTML
  Rendering layout layouts/application.html.erb
  Rendering main/index.html.erb within layouts/application
  Rendering layout layouts/application.html.erb
  Rendering main/index.html.erb within layouts/application
  Rendered main/index.html.erb within layouts/application (Duration: 7.3ms | GC: 0.0ms)
  Rendered main/index.html.erb within layouts/application (Duration: 5.6ms | GC: 0.0ms)
  Rendered layout layouts/application.html.erb (Duration: 11.5ms | GC: 0.0ms)
  Rendered layout layouts/application.html.erb (Duration: 8.8ms | GC: 0.0ms)
Completed 200 OK in 34ms (Views: 17.4ms | ActiveRecord: 0.0ms (0 queries, 0 cached) | GC: 0.0ms)


Completed 200 OK in 35ms (Views: 20.6ms | ActiveRecord: 0.0ms (0 queries, 0 cached) | GC: 0.0ms)


Started GET "/" for 127.0.0.1 at 2025-12-06 17:27:46 +0300
Started GET "/" for 127.0.0.1 at 2025-12-06 17:27:46 +0300
  [1m[36mActiveRecord::SchemaMigration Load (1.3ms)[0m  [1m[34mSELECT "schema_migrations"."version" FROM "schema_migrations" ORDER BY "schema_migrations"."version" ASC /*application='SmartScoreCounter'*/[0m
  
ActionController::RoutingError (No route matches [GET] "/"):
  
Processing by MainController#index as HTML
  Rendering layout layouts/application.html.erb
  Rendering main/index.html.erb within layouts/application
  Rendered main/index.html.erb within layouts/application (Duration: 29.8ms | GC: 0.0ms)
  Rendered layout layouts/application.html.erb (Duration: 40.4ms | GC: 0.0ms)
Completed 200 OK in 249ms (Views: 93.3ms | ActiveRecord: 0.0ms (0 queries, 0 cached) | GC: 0.7ms)


Started GET "/" for 127.0.0.1 at 2025-12-06 17:28:11 +0300
Started GET "/" for 127.0.0.1 at 2025-12-06 17:28:11 +0300
Processing by MainController#index as HTML
  Rendering layout layouts/application.html.erb
Processing by MainController#index as HTML
  Rendering main/index.html.erb within layouts/application
  Rendered main/index.html.erb within layouts/application (Duration: 0.1ms | GC: 0.0ms)
  Rendered layout layouts/application.html.erb (Duration: 1.7ms | GC: 0.0ms)
Completed 200 OK in 15ms (Views: 3.3ms | ActiveRecord: 0.0ms (0 queries, 0 cached) | GC: 0.0ms)


  Rendering layout layouts/application.html.erb
  Rendering main/index.html.erb within layouts/application
  Rendered main/index.html.erb within layouts/application (Duration: 0.1ms | GC: 0.0ms)
  Rendered layout layouts/application.html.erb (Duration: 1.3ms | GC: 0.0ms)
Completed 200 OK in 14ms (Views: 2.2ms | ActiveRecord: 0.0ms (0 queries, 0 cached) | GC: 0.0ms)


Started GET "/" for 127.0.0.1 at 2025-12-06 17:29:00 +0300
Started GET "/" for 127.0.0.1 at 2025-12-06 17:29:00 +0300
Processing by MainController#index as HTML
Processing by MainController#index as HTML
  Rendering layout layouts/application.html.erb
  Rendering main/index.html.erb within layouts/application
  Rendering layout layouts/application.html.erb
  Rendered main/index.html.erb within layouts/application (Duration: 2.7ms | GC: 0.0ms)
  Rendering main/index.html.erb within layouts/application
  Rendered main/index.html.erb within layouts/application (Duration: 0.1ms | GC: 0.0ms)
  Rendered layout layouts/application.html.erb (Duration: 7.0ms | GC: 0.0ms)
  Rendered layout layouts/application.html.erb (Duration: 4.1ms | GC: 0.0ms)
Completed 200 OK in 30ms (Views: 13.4ms | ActiveRecord: 0.0ms (0 queries, 0 cached) | GC: 0.0ms)


Completed 200 OK in 30ms (Views: 16.2ms | ActiveRecord: 0.0ms (0 queries, 0 cached) | GC: 0.0ms)


Started GET "/" for 127.0.0.1 at 2025-12-06 17:31:27 +0300
Started GET "/" for 127.0.0.1 at 2025-12-06 17:31:27 +0300
Processing by MainController#index as HTML
Processing by MainController#index as HTML
  Rendering layout layouts/application.html.erb
  Rendering main/index.html.erb within layouts/application
  Rendering layout layouts/application.html.erb
  Rendered main/index.html.erb within layouts/application (Duration: 2.7ms | GC: 0.0ms)
  Rendering main/index.html.erb within layouts/application
  Rendered main/index.html.erb within layouts/application (Duration: 0.1ms | GC: 0.0ms)
  Rendered layout layouts/application.html.erb (Duration: 7.1ms | GC: 0.0ms)
  Rendered layout layouts/application.html.erb (Duration: 4.1ms | GC: 0.0ms)
Completed 200 OK in 29ms (Views: 12.8ms | ActiveRecord: 0.0ms (0 queries, 0 cached) | GC: 0.0ms)


Completed 200 OK in 29ms (Views: 15.9ms | ActiveRecord: 0.0ms (0 queries, 0 cached) | GC: 0.0ms)


Started GET "/" for 127.0.0.1 at 2025-12-06 17:34:09 +0300
Started GET "/" for 127.0.0.1 at 2025-12-06 17:34:09 +0300
Processing by MainController#index as HTML
Processing by MainController#index as HTML
  Rendering layout layouts/application.html.erb
  Rendering main/index.html.erb within layouts/application
  Rendering layout layouts/application.html.erb
  Rendered main/index.html.erb within layouts/application (Duration: 2.9ms | GC: 0.0ms)
  Rendering main/index.html.erb within layouts/application
  Rendered main/index.html.erb within layouts/application (Duration: 0.1ms | GC: 0.0ms)
  Rendered layout layouts/application.html.erb (Duration: 8.0ms | GC: 0.5ms)
  Rendered layout layouts/application.html.erb (Duration: 4.9ms | GC: 0.5ms)
Completed 200 OK in 30ms (Views: 14.4ms | ActiveRecord: 0.0ms (0 queries, 0 cached) | GC: 0.5ms)


Completed 200 OK in 31ms (Views: 17.1ms | ActiveRecord: 0.0ms (0 queries, 0 cached) | GC: 0.5ms)


Started GET "/" for 127.0.0.1 at 2025-12-06 17:36:55 +0300
Started GET "/" for 127.0.0.1 at 2025-12-06 17:36:55 +0300
Processing by MainController#index as HTML
Processing by MainController#index as HTML
  Rendering layout layouts/application.html.erb
  Rendering main/index.html.erb within layouts/application
  Rendering layout layouts/application.html.erb
  Rendered main/index.html.erb within layouts/application (Duration: 3.0ms | GC: 0.0ms)
  Rendering main/index.html.erb within layouts/application
  Rendered main/index.html.erb within layouts/application (Duration: 0.1ms | GC: 0.0ms)
  Rendered layout layouts/application.html.erb (Duration: 7.3ms | GC: 0.0ms)
  Rendered layout layouts/application.html.erb (Duration: 4.1ms | GC: 0.0ms)
Completed 200 OK in 30ms (Views: 14.1ms | ActiveRecord: 0.0ms (0 queries, 0 cached) | GC: 0.5ms)


Completed 200 OK in 31ms (Views: 16.9ms | ActiveRecord: 0.0ms (0 queries, 0 cached) | GC: 0.5ms)


Started GET "/" for 127.0.0.1 at 2025-12-06 17:37:48 +0300
Started GET "/" for 127.0.0.1 at 2025-12-06 17:37:48 +0300
Processing by MainController#index as HTML
Processing by MainController#index as HTML
  Rendering layout layouts/application.html.erb
  Rendering main/index.html.erb within layouts/application
  Rendering layout layouts/application.html.erb
  Rendered main/index.html.erb within layouts/application (Duration: 3.1ms | GC: 0.0ms)
  Rendering main/index.html.erb within layouts/application
  Rendered main/index.html.erb within layouts/application (Duration: 0.1ms | GC: 0.0ms)
  Rendered layout layouts/application.html.erb (Duration: 7.6ms | GC: 0.0ms)
  Rendered layout layouts/application.html.erb (Duration: 4.4ms | GC: 0.0ms)
Completed 200 OK in 31ms (Views: 13.6ms | ActiveRecord: 0.0ms (0 queries, 0 cached) | GC: 0.0ms)


Completed 200 OK in 32ms (Views: 16.8ms | ActiveRecord: 0.0ms (0 queries, 0 cached) | GC: 0.0ms)


Started GET "/" for 127.0.0.1 at 2025-12-06 17:38:28 +0300
Started GET "/" for 127.0.0.1 at 2025-12-06 17:38:28 +0300
Processing by MainController#index as HTML
Processing by MainController#index as HTML
  Rendering layout layouts/application.html.erb
  Rendering main/index.html.erb within layouts/application
  Rendering layout layouts/application.html.erb
  Rendered main/index.html.erb within layouts/application (Duration: 3.0ms | GC: 0.0ms)
  Rendering main/index.html.erb within layouts/application
  Rendered main/index.html.erb within layouts/application (Duration: 0.1ms | GC: 0.0ms)
  Rendered layout layouts/application.html.erb (Duration: 7.7ms | GC: 0.0ms)
  Rendered layout layouts/application.html.erb (Duration: 4.5ms | GC: 0.0ms)
Completed 200 OK in 30ms (Views: 13.6ms | ActiveRecord: 0.0ms (0 queries, 0 cached) | GC: 0.0ms)


Completed 200 OK in 31ms (Views: 17.1ms | ActiveRecord: 0.0ms (0 queries, 0 cached) | GC: 0.0ms)


Started GET "/" for 127.0.0.1 at 2025-12-06 17:42:11 +0300
Started GET "/" for 127.0.0.1 at 2025-12-06 17:42:11 +0300
Processing by MainController#index as HTML
Processing by MainController#index as HTML
  Rendering layout layouts/application.html.erb
  Rendering main/index.html.erb within layouts/application
  Rendering layout layouts/application.html.erb
  Rendered main/index.html.erb within layouts/application (Duration: 2.9ms | GC: 0.0ms)
  Rendering main/index.html.erb within layouts/application
  Rendered main/index.html.erb within layouts/application (Duration: 0.1ms | GC: 0.0ms)
  Rendered layout layouts/application.html.erb (Duration: 7.1ms | GC: 0.0ms)
  Rendered layout layouts/application.html.erb (Duration: 4.1ms | GC: 0.0ms)
Completed 200 OK in 29ms (Views: 12.7ms | ActiveRecord: 0.0ms (0 queries, 0 cached) | GC: 0.0ms)


Completed 200 OK in 29ms (Views: 15.9ms | ActiveRecord: 0.0ms (0 queries, 0 cached) | GC: 0.0ms)


Started GET "/" for 127.0.0.1 at 2025-12-06 17:43:48 +0300
Processing by MainController#index as HTML
  Rendering layout layouts/application.html.erb
  Rendering main/index.html.erb within layouts/application
  Rendered main/index.html.erb within layouts/application (Duration: 3.0ms | GC: 0.0ms)
  Rendered layout layouts/application.html.erb (Duration: 7.8ms | GC: 0.0ms)
Completed 200 OK in 37ms (Views: 17.7ms | ActiveRecord: 0.0ms (0 queries, 0 cached) | GC: 0.2ms)


Started GET "/" for 127.0.0.1 at 2025-12-06 17:47:11 +0300
Started GET "/" for 127.0.0.1 at 2025-12-06 17:47:11 +0300
Processing by MainController#index as HTML
Processing by MainController#index as HTML
  Rendering layout layouts/application.html.erb
  Rendering main/index.html.erb within layouts/application
  Rendering layout layouts/application.html.erb
  Rendering main/index.html.erb within layouts/application
  Rendered main/index.html.erb within layouts/application (Duration: 3.2ms | GC: 0.0ms)
  Rendered main/index.html.erb within layouts/application (Duration: 0.1ms | GC: 0.0ms)
  Rendered layout layouts/application.html.erb (Duration: 7.5ms | GC: 0.0ms)
  Rendered layout layouts/application.html.erb (Duration: 5.7ms | GC: 0.0ms)
Completed 200 OK in 30ms (Views: 13.5ms | ActiveRecord: 0.0ms (0 queries, 0 cached) | GC: 0.0ms)


Completed 200 OK in 30ms (Views: 16.8ms | ActiveRecord: 0.0ms (0 queries, 0 cached) | GC: 0.0ms)


Started GET "/" for 127.0.0.1 at 2025-12-06 17:47:26 +0300
Processing by MainController#index as HTML
  Rendering layout layouts/application.html.erb
  Rendering main/index.html.erb within layouts/application
  Rendered main/index.html.erb within layouts/application (Duration: 0.2ms | GC: 0.0ms)
  Rendered layout layouts/application.html.erb (Duration: 1.7ms | GC: 0.0ms)
Completed 200 OK in 15ms (Views: 2.8ms | ActiveRecord: 0.0ms (0 queries, 0 cached) | GC: 0.0ms)


Started GET "/" for 127.0.0.1 at 2025-12-06 17:47:29 +0300
Processing by MainController#index as HTML
  Rendering layout layouts/application.html.erb
  Rendering main/index.html.erb within layouts/application
  Rendered main/index.html.erb within layouts/application (Duration: 0.3ms | GC: 0.0ms)
  Rendered layout layouts/application.html.erb (Duration: 2.2ms | GC: 0.0ms)
Completed 200 OK in 17ms (Views: 3.7ms | ActiveRecord: 0.0ms (0 queries, 0 cached) | GC: 0.0ms)


Started GET "/" for 127.0.0.1 at 2025-12-06 17:47:29 +0300
Processing by MainController#index as HTML
  Rendering layout layouts/application.html.erb
  Rendering main/index.html.erb within layouts/application
  Rendered main/index.html.erb within layouts/application (Duration: 0.2ms | GC: 0.0ms)
  Rendered layout layouts/application.html.erb (Duration: 1.6ms | GC: 0.0ms)
Completed 200 OK in 16ms (Views: 2.7ms | ActiveRecord: 0.0ms (0 queries, 0 cached) | GC: 0.0ms)


Started GET "/" for 127.0.0.1 at 2025-12-06 17:48:35 +0300
Processing by MainController#index as HTML
  Rendering layout layouts/application.html.erb
  Rendering main/index.html.erb within layouts/application
  Rendered main/index.html.erb within layouts/application (Duration: 3.2ms | GC: 0.0ms)
  Rendered layout layouts/application.html.erb (Duration: 7.4ms | GC: 0.0ms)
Completed 200 OK in 37ms (Views: 17.7ms | ActiveRecord: 0.0ms (0 queries, 0 cached) | GC: 0.0ms)


Started GET "/" for 127.0.0.1 at 2025-12-06 17:49:05 +0300
Processing by MainController#index as HTML
  Rendering layout layouts/application.html.erb
  Rendering main/index.html.erb within layouts/application
  Rendered main/index.html.erb within layouts/application (Duration: 3.2ms | GC: 0.0ms)
  Rendered layout layouts/application.html.erb (Duration: 7.7ms | GC: 0.0ms)
Completed 200 OK in 39ms (Views: 18.3ms | ActiveRecord: 0.0ms (0 queries, 0 cached) | GC: 0.2ms)


Started GET "/" for 127.0.0.1 at 2025-12-06 17:49:07 +0300
Processing by MainController#index as HTML
  Rendering layout layouts/application.html.erb
  Rendering main/index.html.erb within layouts/application
  Rendered main/index.html.erb within layouts/application (Duration: 0.2ms | GC: 0.0ms)
  Rendered layout layouts/application.html.erb (Duration: 1.6ms | GC: 0.0ms)
Completed 200 OK in 16ms (Views: 2.7ms | ActiveRecord: 0.0ms (0 queries, 0 cached) | GC: 0.0ms)


Started GET "/" for 127.0.0.1 at 2025-12-06 17:50:26 +0300
Processing by MainController#index as HTML
  Rendering layout layouts/application.html.erb
  Rendering main/index.html.erb within layouts/application
  Rendered main/index.html.erb within layouts/application (Duration: 2.8ms | GC: 0.0ms)
  Rendered layout layouts/application.html.erb (Duration: 7.1ms | GC: 0.0ms)
Completed 200 OK in 36ms (Views: 17.5ms | ActiveRecord: 0.0ms (0 queries, 0 cached) | GC: 0.0ms)


Started GET "/" for 127.0.0.1 at 2025-12-06 17:50:45 +0300
Started GET "/" for 127.0.0.1 at 2025-12-06 17:50:45 +0300
Processing by MainController#index as HTML
  Rendering layout layouts/application.html.erb
  Rendering main/index.html.erb within layouts/application
Processing by MainController#index as HTML
  Rendered main/index.html.erb within layouts/application (Duration: 0.2ms | GC: 0.0ms)
  Rendered layout layouts/application.html.erb (Duration: 2.3ms | GC: 0.0ms)
Completed 200 OK in 15ms (Views: 3.4ms | ActiveRecord: 0.0ms (0 queries, 0 cached) | GC: 0.0ms)


  Rendering layout layouts/application.html.erb
  Rendering main/index.html.erb within layouts/application
  Rendered main/index.html.erb within layouts/application (Duration: 0.1ms | GC: 0.0ms)
  Rendered layout layouts/application.html.erb (Duration: 1.5ms | GC: 0.0ms)
Completed 200 OK in 15ms (Views: 2.5ms | ActiveRecord: 0.0ms (0 queries, 0 cached) | GC: 0.0ms)


Started GET "/" for 127.0.0.1 at 2025-12-06 17:52:22 +0300
Started GET "/" for 127.0.0.1 at 2025-12-06 17:52:22 +0300
Processing by MainController#index as HTML
Processing by MainController#index as HTML
  Rendering layout layouts/application.html.erb
  Rendering main/index.html.erb within layouts/application
  Rendering layout layouts/application.html.erb
  Rendered main/index.html.erb within layouts/application (Duration: 3.5ms | GC: 0.6ms)
  Rendering main/index.html.erb within layouts/application
  Rendered main/index.html.erb within layouts/application (Duration: 0.1ms | GC: 0.0ms)
  Rendered layout layouts/application.html.erb (Duration: 8.1ms | GC: 0.6ms)
  Rendered layout layouts/application.html.erb (Duration: 4.3ms | GC: 0.0ms)
Completed 200 OK in 30ms (Views: 13.9ms | ActiveRecord: 0.0ms (0 queries, 0 cached) | GC: 0.6ms)


Completed 200 OK in 31ms (Views: 17.0ms | ActiveRecord: 0.0ms (0 queries, 0 cached) | GC: 0.6ms)


Started GET "/" for 127.0.0.1 at 2025-12-06 17:52:37 +0300
Started GET "/" for 127.0.0.1 at 2025-12-06 17:52:37 +0300
Processing by MainController#index as HTML
Processing by MainController#index as HTML
  Rendering layout layouts/application.html.erb
  Rendering main/index.html.erb within layouts/application
  Rendering layout layouts/application.html.erb
  Rendering main/index.html.erb within layouts/application
  Rendered main/index.html.erb within layouts/application (Duration: 3.4ms | GC: 0.0ms)
  Rendered main/index.html.erb within layouts/application (Duration: 0.1ms | GC: 0.0ms)
  Rendered layout layouts/application.html.erb (Duration: 8.1ms | GC: 0.0ms)
  Rendered layout layouts/application.html.erb (Duration: 6.1ms | GC: 0.0ms)
Completed 200 OK in 32ms (Views: 14.7ms | ActiveRecord: 0.0ms (0 queries, 0 cached) | GC: 0.2ms)


Completed 200 OK in 33ms (Views: 18.1ms | ActiveRecord: 0.0ms (0 queries, 0 cached) | GC: 0.2ms)


Started GET "/" for 127.0.0.1 at 2025-12-06 17:52:58 +0300
Processing by MainController#index as HTML
  Rendering layout layouts/application.html.erb
  Rendering main/index.html.erb within layouts/application
  Rendered main/index.html.erb within layouts/application (Duration: 0.2ms | GC: 0.0ms)
  Rendered layout layouts/application.html.erb (Duration: 1.6ms | GC: 0.0ms)
Completed 200 OK in 16ms (Views: 2.8ms | ActiveRecord: 0.0ms (0 queries, 0 cached) | GC: 0.0ms)


Started GET "/" for 127.0.0.1 at 2025-12-06 17:53:46 +0300
Processing by MainController#index as HTML
  Rendering layout layouts/application.html.erb
  Rendering main/index.html.erb within layouts/application
  Rendered main/index.html.erb within layouts/application (Duration: 2.9ms | GC: 0.0ms)
  Rendered layout layouts/application.html.erb (Duration: 6.8ms | GC: 0.0ms)
Completed 200 OK in 36ms (Views: 16.5ms | ActiveRecord: 0.0ms (0 queries, 0 cached) | GC: 0.1ms)


Started GET "/" for 127.0.0.1 at 2025-12-06 17:54:07 +0300
Processing by MainController#index as HTML
  Rendering layout layouts/application.html.erb
  Rendering main/index.html.erb within layouts/application
  Rendered main/index.html.erb within layouts/application (Duration: 3.3ms | GC: 0.0ms)
  Rendered layout layouts/application.html.erb (Duration: 7.7ms | GC: 0.0ms)
Completed 200 OK in 42ms (Views: 18.8ms | ActiveRecord: 0.0ms (0 queries, 0 cached) | GC: 0.0ms)


Started GET "/" for 127.0.0.1 at 2025-12-06 17:54:17 +0300
Processing by MainController#index as HTML
  Rendering layout layouts/application.html.erb
  Rendering main/index.html.erb within layouts/application
  Rendered main/index.html.erb within layouts/application (Duration: 0.2ms | GC: 0.0ms)
  Rendered layout layouts/application.html.erb (Duration: 1.7ms | GC: 0.0ms)
Completed 200 OK in 15ms (Views: 2.8ms | ActiveRecord: 0.0ms (0 queries, 0 cached) | GC: 0.0ms)


Started GET "/" for 127.0.0.1 at 2025-12-06 17:54:24 +0300
Processing by MainController#index as HTML
  Rendering layout layouts/application.html.erb
  Rendering main/index.html.erb within layouts/application
  Rendered main/index.html.erb within layouts/application (Duration: 2.7ms | GC: 0.0ms)
  Rendered layout layouts/application.html.erb (Duration: 6.6ms | GC: 0.0ms)
Completed 200 OK in 37ms (Views: 17.3ms | ActiveRecord: 0.0ms (0 queries, 0 cached) | GC: 0.0ms)


Started GET "/" for 127.0.0.1 at 2025-12-06 17:54:47 +0300
Processing by MainController#index as HTML
  Rendering layout layouts/application.html.erb
  Rendering main/index.html.erb within layouts/application
  Rendered main/index.html.erb within layouts/application (Duration: 3.1ms | GC: 0.0ms)
  Rendered layout layouts/application.html.erb (Duration: 7.9ms | GC: 0.0ms)
Completed 200 OK in 41ms (Views: 18.8ms | ActiveRecord: 0.0ms (0 queries, 0 cached) | GC: 0.0ms)


Started GET "/" for 127.0.0.1 at 2025-12-06 17:55:03 +0300
Processing by MainController#index as HTML
  Rendering layout layouts/application.html.erb
  Rendering main/index.html.erb within layouts/application
  Rendered main/index.html.erb within layouts/application (Duration: 2.8ms | GC: 0.0ms)
  Rendered layout layouts/application.html.erb (Duration: 7.2ms | GC: 0.0ms)
Completed 200 OK in 38ms (Views: 17.8ms | ActiveRecord: 0.0ms (0 queries, 0 cached) | GC: 0.1ms)


Started GET "/" for 127.0.0.1 at 2025-12-06 17:55:36 +0300
Processing by MainController#index as HTML
  Rendering layout layouts/application.html.erb
  Rendering main/index.html.erb within layouts/application
  Rendered main/index.html.erb within layouts/application (Duration: 3.1ms | GC: 0.0ms)
  Rendered layout layouts/application.html.erb (Duration: 18.5ms | GC: 0.0ms)
Completed 200 OK in 48ms (Views: 28.4ms | ActiveRecord: 0.0ms (0 queries, 0 cached) | GC: 0.3ms)


Started GET "/" for 127.0.0.1 at 2025-12-06 17:56:04 +0300
Processing by MainController#index as HTML
  Rendering layout layouts/application.html.erb
  Rendering main/index.html.erb within layouts/application
  Rendered main/index.html.erb within layouts/application (Duration: 3.6ms | GC: 0.0ms)
  Rendered layout layouts/application.html.erb (Duration: 8.4ms | GC: 0.0ms)
Completed 200 OK in 42ms (Views: 20.2ms | ActiveRecord: 0.0ms (0 queries, 0 cached) | GC: 0.0ms)


Started GET "/" for 127.0.0.1 at 2025-12-06 17:56:16 +0300
Processing by MainController#index as HTML
  Rendering layout layouts/application.html.erb
  Rendering main/index.html.erb within layouts/application
  Rendered main/index.html.erb within layouts/application (Duration: 2.8ms | GC: 0.0ms)
  Rendered layout layouts/application.html.erb (Duration: 7.0ms | GC: 0.0ms)
Completed 200 OK in 35ms (Views: 16.6ms | ActiveRecord: 0.0ms (0 queries, 0 cached) | GC: 0.0ms)


Started GET "/" for 127.0.0.1 at 2025-12-06 17:58:39 +0300
Processing by MainController#index as HTML
  Rendering layout layouts/application.html.erb
  Rendering main/index.html.erb within layouts/application
  Rendered main/index.html.erb within layouts/application (Duration: 2.8ms | GC: 0.0ms)
  Rendered layout layouts/application.html.erb (Duration: 7.2ms | GC: 0.0ms)
Completed 200 OK in 36ms (Views: 17.2ms | ActiveRecord: 0.0ms (0 queries, 0 cached) | GC: 0.0ms)


Started GET "/" for 127.0.0.1 at 2025-12-06 17:59:00 +0300
Processing by MainController#index as HTML
  Rendering layout layouts/application.html.erb
  Rendering main/index.html.erb within layouts/application
  Rendered main/index.html.erb within layouts/application (Duration: 3.5ms | GC: 0.0ms)
  Rendered layout layouts/application.html.erb (Duration: 8.5ms | GC: 0.0ms)
Completed 200 OK in 43ms (Views: 19.8ms | ActiveRecord: 0.0ms (0 queries, 0 cached) | GC: 0.3ms)


Started GET "/" for 127.0.0.1 at 2025-12-06 17:59:20 +0300
Processing by MainController#index as HTML
  Rendering layout layouts/application.html.erb
  Rendering main/index.html.erb within layouts/application
  Rendered main/index.html.erb within layouts/application (Duration: 2.9ms | GC: 0.0ms)
  Rendered layout layouts/application.html.erb (Duration: 7.4ms | GC: 0.2ms)
Completed 200 OK in 37ms (Views: 17.5ms | ActiveRecord: 0.0ms (0 queries, 0 cached) | GC: 0.2ms)


Started GET "/" for 127.0.0.1 at 2025-12-06 17:59:57 +0300
Processing by MainController#index as HTML
  Rendering layout layouts/application.html.erb
  Rendering main/index.html.erb within layouts/application
  Rendered main/index.html.erb within layouts/application (Duration: 2.9ms | GC: 0.0ms)
  Rendered layout layouts/application.html.erb (Duration: 7.1ms | GC: 0.0ms)
Completed 200 OK in 36ms (Views: 17.3ms | ActiveRecord: 0.0ms (0 queries, 0 cached) | GC: 0.0ms)


Started GET "/" for 127.0.0.1 at 2025-12-06 18:00:20 +0300
Processing by MainController#index as HTML
  Rendering layout layouts/application.html.erb
  Rendering main/index.html.erb within layouts/application
  Rendered main/index.html.erb within layouts/application (Duration: 3.2ms | GC: 0.0ms)
  Rendered layout layouts/application.html.erb (Duration: 8.6ms | GC: 0.8ms)
Completed 200 OK in 41ms (Views: 20.0ms | ActiveRecord: 0.0ms (0 queries, 0 cached) | GC: 0.8ms)


Started GET "/" for 127.0.0.1 at 2025-12-06 18:00:48 +0300
Processing by MainController#index as HTML
  Rendering layout layouts/application.html.erb
  Rendering main/index.html.erb within layouts/application
  Rendered main/index.html.erb within layouts/application (Duration: 2.7ms | GC: 0.0ms)
  Rendered layout layouts/application.html.erb (Duration: 6.8ms | GC: 0.0ms)
Completed 200 OK in 35ms (Views: 16.1ms | ActiveRecord: 0.0ms (0 queries, 0 cached) | GC: 0.0ms)


Started GET "/" for 127.0.0.1 at 2025-12-06 18:02:24 +0300
Processing by MainController#index as HTML
  Rendering layout layouts/application.html.erb
  Rendering main/index.html.erb within layouts/application
  Rendered main/index.html.erb within layouts/application (Duration: 2.7ms | GC: 0.0ms)
  Rendered layout layouts/application.html.erb (Duration: 6.8ms | GC: 0.0ms)
Completed 200 OK in 36ms (Views: 16.6ms | ActiveRecord: 0.0ms (0 queries, 0 cached) | GC: 0.1ms)


Started GET "/" for 127.0.0.1 at 2025-12-06 18:03:01 +0300
Processing by MainController#index as HTML
  Rendering layout layouts/application.html.erb
  Rendering main/index.html.erb within layouts/application
  Rendered main/index.html.erb within layouts/application (Duration: 2.7ms | GC: 0.0ms)
  Rendered layout layouts/application.html.erb (Duration: 6.6ms | GC: 0.0ms)
Completed 200 OK in 35ms (Views: 16.2ms | ActiveRecord: 0.0ms (0 queries, 0 cached) | GC: 0.0ms)


Started GET "/" for 127.0.0.1 at 2025-12-06 18:03:13 +0300
Processing by MainController#index as HTML
  Rendering layout layouts/application.html.erb
  Rendering main/index.html.erb within layouts/application
  Rendered main/index.html.erb within layouts/application (Duration: 3.3ms | GC: 0.0ms)
  Rendered layout layouts/application.html.erb (Duration: 8.2ms | GC: 0.0ms)
Completed 200 OK in 40ms (Views: 18.9ms | ActiveRecord: 0.0ms (0 queries, 0 cached) | GC: 0.0ms)


Started GET "/" for 127.0.0.1 at 2025-12-07 21:08:14 +0300
  [1m[36mActiveRecord::SchemaMigration Load (0.2ms)[0m  [1m[34mSELECT "schema_migrations"."version" FROM "schema_migrations" ORDER BY "schema_migrations"."version" ASC /*application='SmartScoreCounter'*/[0m
  
ActionDispatch::MissingController (uninitialized constant MainController)
Caused by: NameError (uninitialized constant MainController)

Information for: ActionDispatch::MissingController (uninitialized constant MainController):
  
actionpack (8.1.1) lib/action_dispatch/http/request.rb:101:in 'ActionDispatch::Request#controller_class_for'
actionpack (8.1.1) lib/action_dispatch/http/request.rb:90:in 'ActionDispatch::Request#controller_class'
actionpack (8.1.1) lib/action_dispatch/routing/route_set.rb:61:in 'ActionDispatch::Routing::RouteSet::Dispatcher#controller'
actionpack (8.1.1) lib/action_dispatch/routing/route_set.rb:48:in 'ActionDispatch::Routing::RouteSet::Dispatcher#serve'
actionpack (8.1.1) lib/action_dispatch/journey/router.rb:35:in 'block in ActionDispatch::Journey::Router#serve'
actionpack (8.1.1) lib/action_dispatch/journey/router.rb:86:in 'block in ActionDispatch::Journey::Router#recognize'
actionpack (8.1.1) lib/action_dispatch/journey/router.rb:66:in 'Array#each'
actionpack (8.1.1) lib/action_dispatch/journey/router.rb:66:in 'ActionDispatch::Journey::Router#recognize'
actionpack (8.1.1) lib/action_dispatch/journey/router.rb:31:in 'ActionDispatch::Journey::Router#serve'
actionpack (8.1.1) lib/action_dispatch/routing/route_set.rb:906:in 'ActionDispatch::Routing::RouteSet#call'
railties (8.1.1) lib/rails/engine/lazy_route_set.rb:60:in 'Rails::Engine::LazyRouteSet#call'
rack (3.2.4) lib/rack/tempfile_reaper.rb:20:in 'Rack::TempfileReaper#call'
rack (3.2.4) lib/rack/etag.rb:29:in 'Rack::ETag#call'
rack (3.2.4) lib/rack/conditional_get.rb:31:in 'Rack::ConditionalGet#call'
rack (3.2.4) lib/rack/head.rb:15:in 'Rack::Head#call'
actionpack (8.1.1) lib/action_dispatch/http/content_security_policy.rb:38:in 'ActionDispatch::ContentSecurityPolicy::Middleware#call'
rack-session (2.1.1) lib/rack/session/abstract/id.rb:274:in 'Rack::Session::Abstract::Persisted#context'
rack-session (2.1.1) lib/rack/session/abstract/id.rb:268:in 'Rack::Session::Abstract::Persisted#call'
actionpack (8.1.1) lib/action_dispatch/middleware/cookies.rb:708:in 'ActionDispatch::Cookies#call'
activerecord (8.1.1) lib/active_record/migration.rb:671:in 'ActiveRecord::Migration::CheckPending#call'
actionpack (8.1.1) lib/action_dispatch/middleware/callbacks.rb:31:in 'block in ActionDispatch::Callbacks#call'
activesupport (8.1.1) lib/active_support/callbacks.rb:101:in 'ActiveSupport::Callbacks#run_callbacks'
actionpack (8.1.1) lib/action_dispatch/middleware/callbacks.rb:30:in 'ActionDispatch::Callbacks#call'
actionpack (8.1.1) lib/action_dispatch/middleware/executor.rb:20:in 'ActionDispatch::Executor#call'
actionpack (8.1.1) lib/action_dispatch/middleware/actionable_exceptions.rb:18:in 'ActionDispatch::ActionableExceptions#call'
actionpack (8.1.1) lib/action_dispatch/middleware/debug_exceptions.rb:31:in 'ActionDispatch::DebugExceptions#call'
web-console (4.2.1) lib/web_console/middleware.rb:132:in 'WebConsole::Middleware#call_app'
web-console (4.2.1) lib/web_console/middleware.rb:28:in 'block in WebConsole::Middleware#call'
web-console (4.2.1) lib/web_console/middleware.rb:17:in 'Kernel#catch'
web-console (4.2.1) lib/web_console/middleware.rb:17:in 'WebConsole::Middleware#call'
actionpack (8.1.1) lib/action_dispatch/middleware/show_exceptions.rb:32:in 'ActionDispatch::ShowExceptions#call'
railties (8.1.1) lib/rails/rack/logger.rb:41:in 'Rails::Rack::Logger#call_app'
railties (8.1.1) lib/rails/rack/logger.rb:29:in 'Rails::Rack::Logger#call'
propshaft (1.3.1) lib/propshaft/quiet_assets.rb:11:in 'Propshaft::QuietAssets#call'
actionpack (8.1.1) lib/action_dispatch/middleware/remote_ip.rb:98:in 'ActionDispatch::RemoteIp#call'
actionpack (8.1.1) lib/action_dispatch/middleware/request_id.rb:34:in 'ActionDispatch::RequestId#call'
rack (3.2.4) lib/rack/method_override.rb:28:in 'Rack::MethodOverride#call'
rack (3.2.4) lib/rack/runtime.rb:24:in 'Rack::Runtime#call'
actionpack (8.1.1) lib/action_dispatch/middleware/server_timing.rb:61:in 'block in ActionDispatch::ServerTiming#call'
actionpack (8.1.1) lib/action_dispatch/middleware/server_timing.rb:26:in 'ActionDispatch::ServerTiming::Subscriber#collect_events'
actionpack (8.1.1) lib/action_dispatch/middleware/server_timing.rb:60:in 'ActionDispatch::ServerTiming#call'
actionpack (8.1.1) lib/action_dispatch/middleware/executor.rb:20:in 'ActionDispatch::Executor#call'
propshaft (1.3.1) lib/propshaft/server.rb:37:in 'Propshaft::Server#call'
actionpack (8.1.1) lib/action_dispatch/middleware/static.rb:27:in 'ActionDispatch::Static#call'
rack (3.2.4) lib/rack/sendfile.rb:131:in 'Rack::Sendfile#call'
actionpack (8.1.1) lib/action_dispatch/middleware/host_authorization.rb:143:in 'ActionDispatch::HostAuthorization#call'
railties (8.1.1) lib/rails/engine.rb:534:in 'Rails::Engine#call'
puma (7.1.0) lib/puma/configuration.rb:300:in 'Puma::Configuration::ConfigMiddleware#call'
puma (7.1.0) lib/puma/request.rb:101:in 'block in Puma::Request#handle_request'
puma (7.1.0) lib/puma/thread_pool.rb:355:in 'Puma::ThreadPool#with_force_shutdown'
puma (7.1.0) lib/puma/request.rb:100:in 'Puma::Request#handle_request'
puma (7.1.0) lib/puma/server.rb:503:in 'Puma::Server#process_client'
puma (7.1.0) lib/puma/server.rb:262:in 'block in Puma::Server#run'
puma (7.1.0) lib/puma/thread_pool.rb:182:in 'block in Puma::ThreadPool#spawn_thread'

Information for cause: NameError (uninitialized constant MainController):
  
activesupport (8.1.1) lib/active_support/inflector/methods.rb:290:in 'ActiveSupport::Inflector#constantize'
activesupport (8.1.1) lib/active_support/core_ext/string/inflections.rb:74:in 'String#constantize'
actionpack (8.1.1) lib/action_dispatch/http/request.rb:98:in 'ActionDispatch::Request#controller_class_for'
actionpack (8.1.1) lib/action_dispatch/http/request.rb:90:in 'ActionDispatch::Request#controller_class'
actionpack (8.1.1) lib/action_dispatch/routing/route_set.rb:61:in 'ActionDispatch::Routing::RouteSet::Dispatcher#controller'
actionpack (8.1.1) lib/action_dispatch/routing/route_set.rb:48:in 'ActionDispatch::Routing::RouteSet::Dispatcher#serve'
actionpack (8.1.1) lib/action_dispatch/journey/router.rb:35:in 'block in ActionDispatch::Journey::Router#serve'
actionpack (8.1.1) lib/action_dispatch/journey/router.rb:86:in 'block in ActionDispatch::Journey::Router#recognize'
actionpack (8.1.1) lib/action_dispatch/journey/router.rb:66:in 'Array#each'
actionpack (8.1.1) lib/action_dispatch/journey/router.rb:66:in 'ActionDispatch::Journey::Router#recognize'
actionpack (8.1.1) lib/action_dispatch/journey/router.rb:31:in 'ActionDispatch::Journey::Router#serve'
actionpack (8.1.1) lib/action_dispatch/routing/route_set.rb:906:in 'ActionDispatch::Routing::RouteSet#call'
railties (8.1.1) lib/rails/engine/lazy_route_set.rb:60:in 'Rails::Engine::LazyRouteSet#call'
rack (3.2.4) lib/rack/tempfile_reaper.rb:20:in 'Rack::TempfileReaper#call'
rack (3.2.4) lib/rack/etag.rb:29:in 'Rack::ETag#call'
rack (3.2.4) lib/rack/conditional_get.rb:31:in 'Rack::ConditionalGet#call'
rack (3.2.4) lib/rack/head.rb:15:in 'Rack::Head#call'
actionpack (8.1.1) lib/action_dispatch/http/content_security_policy.rb:38:in 'ActionDispatch::ContentSecurityPolicy::Middleware#call'
rack-session (2.1.1) lib/rack/session/abstract/id.rb:274:in 'Rack::Session::Abstract::Persisted#context'
rack-session (2.1.1) lib/rack/session/abstract/id.rb:268:in 'Rack::Session::Abstract::Persisted#call'
actionpack (8.1.1) lib/action_dispatch/middleware/cookies.rb:708:in 'ActionDispatch::Cookies#call'
activerecord (8.1.1) lib/active_record/migration.rb:671:in 'ActiveRecord::Migration::CheckPending#call'
actionpack (8.1.1) lib/action_dispatch/middleware/callbacks.rb:31:in 'block in ActionDispatch::Callbacks#call'
activesupport (8.1.1) lib/active_support/callbacks.rb:101:in 'ActiveSupport::Callbacks#run_callbacks'
actionpack (8.1.1) lib/action_dispatch/middleware/callbacks.rb:30:in 'ActionDispatch::Callbacks#call'
actionpack (8.1.1) lib/action_dispatch/middleware/executor.rb:20:in 'ActionDispatch::Executor#call'
actionpack (8.1.1) lib/action_dispatch/middleware/actionable_exceptions.rb:18:in 'ActionDispatch::ActionableExceptions#call'
actionpack (8.1.1) lib/action_dispatch/middleware/debug_exceptions.rb:31:in 'ActionDispatch::DebugExceptions#call'
web-console (4.2.1) lib/web_console/middleware.rb:132:in 'WebConsole::Middleware#call_app'
web-console (4.2.1) lib/web_console/middleware.rb:28:in 'block in WebConsole::Middleware#call'
web-console (4.2.1) lib/web_console/middleware.rb:17:in 'Kernel#catch'
web-console (4.2.1) lib/web_console/middleware.rb:17:in 'WebConsole::Middleware#call'
actionpack (8.1.1) lib/action_dispatch/middleware/show_exceptions.rb:32:in 'ActionDispatch::ShowExceptions#call'
railties (8.1.1) lib/rails/rack/logger.rb:41:in 'Rails::Rack::Logger#call_app'
railties (8.1.1) lib/rails/rack/logger.rb:29:in 'Rails::Rack::Logger#call'
propshaft (1.3.1) lib/propshaft/quiet_assets.rb:11:in 'Propshaft::QuietAssets#call'
actionpack (8.1.1) lib/action_dispatch/middleware/remote_ip.rb:98:in 'ActionDispatch::RemoteIp#call'
actionpack (8.1.1) lib/action_dispatch/middleware/request_id.rb:34:in 'ActionDispatch::RequestId#call'
rack (3.2.4) lib/rack/method_override.rb:28:in 'Rack::MethodOverride#call'
rack (3.2.4) lib/rack/runtime.rb:24:in 'Rack::Runtime#call'
actionpack (8.1.1) lib/action_dispatch/middleware/server_timing.rb:61:in 'block in ActionDispatch::ServerTiming#call'
actionpack (8.1.1) lib/action_dispatch/middleware/server_timing.rb:26:in 'ActionDispatch::ServerTiming::Subscriber#collect_events'
actionpack (8.1.1) lib/action_dispatch/middleware/server_timing.rb:60:in 'ActionDispatch::ServerTiming#call'
actionpack (8.1.1) lib/action_dispatch/middleware/executor.rb:20:in 'ActionDispatch::Executor#call'
propshaft (1.3.1) lib/propshaft/server.rb:37:in 'Propshaft::Server#call'
actionpack (8.1.1) lib/action_dispatch/middleware/static.rb:27:in 'ActionDispatch::Static#call'
rack (3.2.4) lib/rack/sendfile.rb:131:in 'Rack::Sendfile#call'
actionpack (8.1.1) lib/action_dispatch/middleware/host_authorization.rb:143:in 'ActionDispatch::HostAuthorization#call'
railties (8.1.1) lib/rails/engine.rb:534:in 'Rails::Engine#call'
puma (7.1.0) lib/puma/configuration.rb:300:in 'Puma::Configuration::ConfigMiddleware#call'
puma (7.1.0) lib/puma/request.rb:101:in 'block in Puma::Request#handle_request'
puma (7.1.0) lib/puma/thread_pool.rb:355:in 'Puma::ThreadPool#with_force_shutdown'
puma (7.1.0) lib/puma/request.rb:100:in 'Puma::Request#handle_request'
puma (7.1.0) lib/puma/server.rb:503:in 'Puma::Server#process_client'
puma (7.1.0) lib/puma/server.rb:262:in 'block in Puma::Server#run'
puma (7.1.0) lib/puma/thread_pool.rb:182:in 'block in Puma::ThreadPool#spawn_thread'
Started GET "/" for 127.0.0.1 at 2025-12-07 21:11:21 +0300
  
ActionDispatch::MissingController (uninitialized constant MainController)
Caused by: NameError (uninitialized constant MainController)

Information for: ActionDispatch::MissingController (uninitialized constant MainController):
  
actionpack (8.1.1) lib/action_dispatch/http/request.rb:101:in 'ActionDispatch::Request#controller_class_for'
actionpack (8.1.1) lib/action_dispatch/http/request.rb:90:in 'ActionDispatch::Request#controller_class'
actionpack (8.1.1) lib/action_dispatch/routing/route_set.rb:61:in 'ActionDispatch::Routing::RouteSet::Dispatcher#controller'
actionpack (8.1.1) lib/action_dispatch/routing/route_set.rb:48:in 'ActionDispatch::Routing::RouteSet::Dispatcher#serve'
actionpack (8.1.1) lib/action_dispatch/journey/router.rb:35:in 'block in ActionDispatch::Journey::Router#serve'
actionpack (8.1.1) lib/action_dispatch/journey/router.rb:86:in 'block in ActionDispatch::Journey::Router#recognize'
actionpack (8.1.1) lib/action_dispatch/journey/router.rb:66:in 'Array#each'
actionpack (8.1.1) lib/action_dispatch/journey/router.rb:66:in 'ActionDispatch::Journey::Router#recognize'
actionpack (8.1.1) lib/action_dispatch/journey/router.rb:31:in 'ActionDispatch::Journey::Router#serve'
actionpack (8.1.1) lib/action_dispatch/routing/route_set.rb:906:in 'ActionDispatch::Routing::RouteSet#call'
railties (8.1.1) lib/rails/engine/lazy_route_set.rb:60:in 'Rails::Engine::LazyRouteSet#call'
rack (3.2.4) lib/rack/tempfile_reaper.rb:20:in 'Rack::TempfileReaper#call'
rack (3.2.4) lib/rack/etag.rb:29:in 'Rack::ETag#call'
rack (3.2.4) lib/rack/conditional_get.rb:31:in 'Rack::ConditionalGet#call'
rack (3.2.4) lib/rack/head.rb:15:in 'Rack::Head#call'
actionpack (8.1.1) lib/action_dispatch/http/content_security_policy.rb:38:in 'ActionDispatch::ContentSecurityPolicy::Middleware#call'
rack-session (2.1.1) lib/rack/session/abstract/id.rb:274:in 'Rack::Session::Abstract::Persisted#context'
rack-session (2.1.1) lib/rack/session/abstract/id.rb:268:in 'Rack::Session::Abstract::Persisted#call'
actionpack (8.1.1) lib/action_dispatch/middleware/cookies.rb:708:in 'ActionDispatch::Cookies#call'
activerecord (8.1.1) lib/active_record/migration.rb:671:in 'ActiveRecord::Migration::CheckPending#call'
actionpack (8.1.1) lib/action_dispatch/middleware/callbacks.rb:31:in 'block in ActionDispatch::Callbacks#call'
activesupport (8.1.1) lib/active_support/callbacks.rb:101:in 'ActiveSupport::Callbacks#run_callbacks'
actionpack (8.1.1) lib/action_dispatch/middleware/callbacks.rb:30:in 'ActionDispatch::Callbacks#call'
actionpack (8.1.1) lib/action_dispatch/middleware/executor.rb:20:in 'ActionDispatch::Executor#call'
actionpack (8.1.1) lib/action_dispatch/middleware/actionable_exceptions.rb:18:in 'ActionDispatch::ActionableExceptions#call'
actionpack (8.1.1) lib/action_dispatch/middleware/debug_exceptions.rb:31:in 'ActionDispatch::DebugExceptions#call'
web-console (4.2.1) lib/web_console/middleware.rb:132:in 'WebConsole::Middleware#call_app'
web-console (4.2.1) lib/web_console/middleware.rb:28:in 'block in WebConsole::Middleware#call'
web-console (4.2.1) lib/web_console/middleware.rb:17:in 'Kernel#catch'
web-console (4.2.1) lib/web_console/middleware.rb:17:in 'WebConsole::Middleware#call'
actionpack (8.1.1) lib/action_dispatch/middleware/show_exceptions.rb:32:in 'ActionDispatch::ShowExceptions#call'
railties (8.1.1) lib/rails/rack/logger.rb:41:in 'Rails::Rack::Logger#call_app'
railties (8.1.1) lib/rails/rack/logger.rb:29:in 'Rails::Rack::Logger#call'
propshaft (1.3.1) lib/propshaft/quiet_assets.rb:11:in 'Propshaft::QuietAssets#call'
actionpack (8.1.1) lib/action_dispatch/middleware/remote_ip.rb:98:in 'ActionDispatch::RemoteIp#call'
actionpack (8.1.1) lib/action_dispatch/middleware/request_id.rb:34:in 'ActionDispatch::RequestId#call'
rack (3.2.4) lib/rack/method_override.rb:28:in 'Rack::MethodOverride#call'
rack (3.2.4) lib/rack/runtime.rb:24:in 'Rack::Runtime#call'
actionpack (8.1.1) lib/action_dispatch/middleware/server_timing.rb:61:in 'block in ActionDispatch::ServerTiming#call'
actionpack (8.1.1) lib/action_dispatch/middleware/server_timing.rb:26:in 'ActionDispatch::ServerTiming::Subscriber#collect_events'
actionpack (8.1.1) lib/action_dispatch/middleware/server_timing.rb:60:in 'ActionDispatch::ServerTiming#call'
actionpack (8.1.1) lib/action_dispatch/middleware/executor.rb:20:in 'ActionDispatch::Executor#call'
propshaft (1.3.1) lib/propshaft/server.rb:37:in 'Propshaft::Server#call'
actionpack (8.1.1) lib/action_dispatch/middleware/static.rb:27:in 'ActionDispatch::Static#call'
rack (3.2.4) lib/rack/sendfile.rb:131:in 'Rack::Sendfile#call'
actionpack (8.1.1) lib/action_dispatch/middleware/host_authorization.rb:143:in 'ActionDispatch::HostAuthorization#call'
railties (8.1.1) lib/rails/engine.rb:534:in 'Rails::Engine#call'
puma (7.1.0) lib/puma/configuration.rb:300:in 'Puma::Configuration::ConfigMiddleware#call'
puma (7.1.0) lib/puma/request.rb:101:in 'block in Puma::Request#handle_request'
puma (7.1.0) lib/puma/thread_pool.rb:355:in 'Puma::ThreadPool#with_force_shutdown'
puma (7.1.0) lib/puma/request.rb:100:in 'Puma::Request#handle_request'
puma (7.1.0) lib/puma/server.rb:503:in 'Puma::Server#process_client'
puma (7.1.0) lib/puma/server.rb:262:in 'block in Puma::Server#run'
puma (7.1.0) lib/puma/thread_pool.rb:182:in 'block in Puma::ThreadPool#spawn_thread'

Information for cause: NameError (uninitialized constant MainController):
  
activesupport (8.1.1) lib/active_support/inflector/methods.rb:290:in 'ActiveSupport::Inflector#constantize'
activesupport (8.1.1) lib/active_support/core_ext/string/inflections.rb:74:in 'String#constantize'
actionpack (8.1.1) lib/action_dispatch/http/request.rb:98:in 'ActionDispatch::Request#controller_class_for'
actionpack (8.1.1) lib/action_dispatch/http/request.rb:90:in 'ActionDispatch::Request#controller_class'
actionpack (8.1.1) lib/action_dispatch/routing/route_set.rb:61:in 'ActionDispatch::Routing::RouteSet::Dispatcher#controller'
actionpack (8.1.1) lib/action_dispatch/routing/route_set.rb:48:in 'ActionDispatch::Routing::RouteSet::Dispatcher#serve'
actionpack (8.1.1) lib/action_dispatch/journey/router.rb:35:in 'block in ActionDispatch::Journey::Router#serve'
actionpack (8.1.1) lib/action_dispatch/journey/router.rb:86:in 'block in ActionDispatch::Journey::Router#recognize'
actionpack (8.1.1) lib/action_dispatch/journey/router.rb:66:in 'Array#each'
actionpack (8.1.1) lib/action_dispatch/journey/router.rb:66:in 'ActionDispatch::Journey::Router#recognize'
actionpack (8.1.1) lib/action_dispatch/journey/router.rb:31:in 'ActionDispatch::Journey::Router#serve'
actionpack (8.1.1) lib/action_dispatch/routing/route_set.rb:906:in 'ActionDispatch::Routing::RouteSet#call'
railties (8.1.1) lib/rails/engine/lazy_route_set.rb:60:in 'Rails::Engine::LazyRouteSet#call'
rack (3.2.4) lib/rack/tempfile_reaper.rb:20:in 'Rack::TempfileReaper#call'
rack (3.2.4) lib/rack/etag.rb:29:in 'Rack::ETag#call'
rack (3.2.4) lib/rack/conditional_get.rb:31:in 'Rack::ConditionalGet#call'
rack (3.2.4) lib/rack/head.rb:15:in 'Rack::Head#call'
actionpack (8.1.1) lib/action_dispatch/http/content_security_policy.rb:38:in 'ActionDispatch::ContentSecurityPolicy::Middleware#call'
rack-session (2.1.1) lib/rack/session/abstract/id.rb:274:in 'Rack::Session::Abstract::Persisted#context'
rack-session (2.1.1) lib/rack/session/abstract/id.rb:268:in 'Rack::Session::Abstract::Persisted#call'
actionpack (8.1.1) lib/action_dispatch/middleware/cookies.rb:708:in 'ActionDispatch::Cookies#call'
activerecord (8.1.1) lib/active_record/migration.rb:671:in 'ActiveRecord::Migration::CheckPending#call'
actionpack (8.1.1) lib/action_dispatch/middleware/callbacks.rb:31:in 'block in ActionDispatch::Callbacks#call'
activesupport (8.1.1) lib/active_support/callbacks.rb:101:in 'ActiveSupport::Callbacks#run_callbacks'
actionpack (8.1.1) lib/action_dispatch/middleware/callbacks.rb:30:in 'ActionDispatch::Callbacks#call'
actionpack (8.1.1) lib/action_dispatch/middleware/executor.rb:20:in 'ActionDispatch::Executor#call'
actionpack (8.1.1) lib/action_dispatch/middleware/actionable_exceptions.rb:18:in 'ActionDispatch::ActionableExceptions#call'
actionpack (8.1.1) lib/action_dispatch/middleware/debug_exceptions.rb:31:in 'ActionDispatch::DebugExceptions#call'
web-console (4.2.1) lib/web_console/middleware.rb:132:in 'WebConsole::Middleware#call_app'
web-console (4.2.1) lib/web_console/middleware.rb:28:in 'block in WebConsole::Middleware#call'
web-console (4.2.1) lib/web_console/middleware.rb:17:in 'Kernel#catch'
web-console (4.2.1) lib/web_console/middleware.rb:17:in 'WebConsole::Middleware#call'
actionpack (8.1.1) lib/action_dispatch/middleware/show_exceptions.rb:32:in 'ActionDispatch::ShowExceptions#call'
railties (8.1.1) lib/rails/rack/logger.rb:41:in 'Rails::Rack::Logger#call_app'
railties (8.1.1) lib/rails/rack/logger.rb:29:in 'Rails::Rack::Logger#call'
propshaft (1.3.1) lib/propshaft/quiet_assets.rb:11:in 'Propshaft::QuietAssets#call'
actionpack (8.1.1) lib/action_dispatch/middleware/remote_ip.rb:98:in 'ActionDispatch::RemoteIp#call'
actionpack (8.1.1) lib/action_dispatch/middleware/request_id.rb:34:in 'ActionDispatch::RequestId#call'
rack (3.2.4) lib/rack/method_override.rb:28:in 'Rack::MethodOverride#call'
rack (3.2.4) lib/rack/runtime.rb:24:in 'Rack::Runtime#call'
actionpack (8.1.1) lib/action_dispatch/middleware/server_timing.rb:61:in 'block in ActionDispatch::ServerTiming#call'
actionpack (8.1.1) lib/action_dispatch/middleware/server_timing.rb:26:in 'ActionDispatch::ServerTiming::Subscriber#collect_events'
actionpack (8.1.1) lib/action_dispatch/middleware/server_timing.rb:60:in 'ActionDispatch::ServerTiming#call'
actionpack (8.1.1) lib/action_dispatch/middleware/executor.rb:20:in 'ActionDispatch::Executor#call'
propshaft (1.3.1) lib/propshaft/server.rb:37:in 'Propshaft::Server#call'
actionpack (8.1.1) lib/action_dispatch/middleware/static.rb:27:in 'ActionDispatch::Static#call'
rack (3.2.4) lib/rack/sendfile.rb:131:in 'Rack::Sendfile#call'
actionpack (8.1.1) lib/action_dispatch/middleware/host_authorization.rb:143:in 'ActionDispatch::HostAuthorization#call'
railties (8.1.1) lib/rails/engine.rb:534:in 'Rails::Engine#call'
puma (7.1.0) lib/puma/configuration.rb:300:in 'Puma::Configuration::ConfigMiddleware#call'
puma (7.1.0) lib/puma/request.rb:101:in 'block in Puma::Request#handle_request'
puma (7.1.0) lib/puma/thread_pool.rb:355:in 'Puma::ThreadPool#with_force_shutdown'
puma (7.1.0) lib/puma/request.rb:100:in 'Puma::Request#handle_request'
puma (7.1.0) lib/puma/server.rb:503:in 'Puma::Server#process_client'
puma (7.1.0) lib/puma/server.rb:262:in 'block in Puma::Server#run'
puma (7.1.0) lib/puma/thread_pool.rb:182:in 'block in Puma::ThreadPool#spawn_thread'
Started POST "/__web_console/repl_sessions/7f0a2c5179a75990041b211fb66d1681/trace" for 127.0.0.1 at 2025-12-07 21:15:09 +0300
Started GET "/" for 127.0.0.1 at 2025-12-06 18:04:27 +0300
Processing by MainController#index as HTML
  Rendering layout layouts/application.html.erb
  Rendering main/index.html.erb within layouts/application
  Rendered main/index.html.erb within layouts/application (Duration: 0.2ms | GC: 0.0ms)
  Rendered layout layouts/application.html.erb (Duration: 1.7ms | GC: 0.0ms)
Completed 200 OK in 15ms (Views: 2.9ms | ActiveRecord: 0.0ms (0 queries, 0 cached) | GC: 0.0ms)


Started GET "/" for 127.0.0.1 at 2025-12-07 14:09:52 +0300
  [1m[36mActiveRecord::SchemaMigration Load (1.3ms)[0m  [1m[34mSELECT "schema_migrations"."version" FROM "schema_migrations" ORDER BY "schema_migrations"."version" ASC /*application='SmartScoreCounter'*/[0m
Processing by MainController#index as HTML
  Rendering layout layouts/application.html.erb
  Rendering main/index.html.erb within layouts/application
  Rendered main/index.html.erb within layouts/application (Duration: 37.8ms | GC: 0.0ms)
  Rendered layout layouts/application.html.erb (Duration: 101.2ms | GC: 0.0ms)
Completed 200 OK in 521ms (Views: 164.9ms | ActiveRecord: 0.0ms (0 queries, 0 cached) | GC: 0.0ms)


Started GET "/" for 127.0.0.1 at 2025-12-07 14:10:36 +0300
Processing by MainController#index as HTML
  Rendering layout layouts/application.html.erb
  Rendering main/index.html.erb within layouts/application
  Rendered main/index.html.erb within layouts/application (Duration: 3.1ms | GC: 0.0ms)
  Rendered layout layouts/application.html.erb (Duration: 7.6ms | GC: 0.0ms)
Completed 200 OK in 36ms (Views: 17.3ms | ActiveRecord: 0.0ms (0 queries, 0 cached) | GC: 0.0ms)


Started GET "/" for 127.0.0.1 at 2025-12-07 14:11:01 +0300
Processing by MainController#index as HTML
  Rendering layout layouts/application.html.erb
  Rendering main/index.html.erb within layouts/application
  Rendered main/index.html.erb within layouts/application (Duration: 3.0ms | GC: 0.0ms)
  Rendered layout layouts/application.html.erb (Duration: 6.9ms | GC: 0.0ms)
Completed 200 OK in 34ms (Views: 16.1ms | ActiveRecord: 0.0ms (0 queries, 0 cached) | GC: 0.0ms)


Started GET "/" for 127.0.0.1 at 2025-12-07 14:11:16 +0300
Processing by MainController#index as HTML
  Rendering layout layouts/application.html.erb
  Rendering main/index.html.erb within layouts/application
  Rendered main/index.html.erb within layouts/application (Duration: 0.2ms | GC: 0.0ms)
  Rendered layout layouts/application.html.erb (Duration: 1.6ms | GC: 0.0ms)
Completed 200 OK in 14ms (Views: 2.6ms | ActiveRecord: 0.0ms (0 queries, 0 cached) | GC: 0.0ms)


Started GET "/" for 127.0.0.1 at 2025-12-07 14:15:09 +0300
Processing by MainController#index as HTML
  Rendering layout layouts/application.html.erb
  Rendering main/index.html.erb within layouts/application
  Rendered main/index.html.erb within layouts/application (Duration: 2.9ms | GC: 0.0ms)
  Rendered layout layouts/application.html.erb (Duration: 7.0ms | GC: 0.0ms)
Completed 200 OK in 34ms (Views: 16.4ms | ActiveRecord: 0.0ms (0 queries, 0 cached) | GC: 0.0ms)


Started GET "/" for 127.0.0.1 at 2025-12-07 14:16:26 +0300
Processing by MainController#index as HTML
  Rendering layout layouts/application.html.erb
  Rendering main/index.html.erb within layouts/application
  Rendered main/index.html.erb within layouts/application (Duration: 3.0ms | GC: 0.0ms)
  Rendered layout layouts/application.html.erb (Duration: 6.8ms | GC: 0.0ms)
Completed 200 OK in 34ms (Views: 16.1ms | ActiveRecord: 0.0ms (0 queries, 0 cached) | GC: 0.8ms)


Started GET "/" for 127.0.0.1 at 2025-12-07 14:17:16 +0300
Processing by MainController#index as HTML
  Rendering layout layouts/application.html.erb
  Rendering main/index.html.erb within layouts/application
  Rendered main/index.html.erb within layouts/application (Duration: 0.2ms | GC: 0.0ms)
  Rendered layout layouts/application.html.erb (Duration: 1.5ms | GC: 0.0ms)
Completed 200 OK in 14ms (Views: 2.5ms | ActiveRecord: 0.0ms (0 queries, 0 cached) | GC: 0.6ms)


Started GET "/" for 127.0.0.1 at 2025-12-07 14:17:22 +0300
Processing by MainController#index as HTML
  Rendering layout layouts/application.html.erb
  Rendering main/index.html.erb within layouts/application
  Rendered main/index.html.erb within layouts/application (Duration: 2.6ms | GC: 0.0ms)
  Rendered layout layouts/application.html.erb (Duration: 6.5ms | GC: 0.3ms)
Completed 200 OK in 32ms (Views: 15.1ms | ActiveRecord: 0.0ms (0 queries, 0 cached) | GC: 0.3ms)


Started GET "/" for 127.0.0.1 at 2025-12-07 14:17:42 +0300
Processing by MainController#index as HTML
  Rendering layout layouts/application.html.erb
  Rendering main/index.html.erb within layouts/application
  Rendered main/index.html.erb within layouts/application (Duration: 2.8ms | GC: 0.0ms)
  Rendered layout layouts/application.html.erb (Duration: 7.4ms | GC: 0.0ms)
Completed 200 OK in 35ms (Views: 16.9ms | ActiveRecord: 0.0ms (0 queries, 0 cached) | GC: 0.2ms)


Started GET "/" for 127.0.0.1 at 2025-12-07 14:18:03 +0300
Processing by MainController#index as HTML
  Rendering layout layouts/application.html.erb
  Rendering main/index.html.erb within layouts/application
  Rendered main/index.html.erb within layouts/application (Duration: 2.9ms | GC: 0.0ms)
  Rendered layout layouts/application.html.erb (Duration: 6.9ms | GC: 0.0ms)
Completed 200 OK in 34ms (Views: 16.2ms | ActiveRecord: 0.0ms (0 queries, 0 cached) | GC: 0.0ms)


Started GET "/" for 127.0.0.1 at 2025-12-07 14:18:26 +0300
Processing by MainController#index as HTML
  Rendering layout layouts/application.html.erb
  Rendering main/index.html.erb within layouts/application
  Rendered main/index.html.erb within layouts/application (Duration: 2.8ms | GC: 0.0ms)
  Rendered layout layouts/application.html.erb (Duration: 7.6ms | GC: 0.0ms)
Completed 200 OK in 43ms (Views: 17.8ms | ActiveRecord: 0.0ms (0 queries, 0 cached) | GC: 0.0ms)


Started GET "/" for 127.0.0.1 at 2025-12-07 14:18:52 +0300
Processing by MainController#index as HTML
  Rendering layout layouts/application.html.erb
  Rendering main/index.html.erb within layouts/application
  Rendered main/index.html.erb within layouts/application (Duration: 2.7ms | GC: 0.0ms)
  Rendered layout layouts/application.html.erb (Duration: 6.7ms | GC: 0.0ms)
Completed 200 OK in 31ms (Views: 15.2ms | ActiveRecord: 0.0ms (0 queries, 0 cached) | GC: 0.0ms)


Started GET "/" for 127.0.0.1 at 2025-12-07 14:19:10 +0300
Processing by MainController#index as HTML
  Rendering layout layouts/application.html.erb
  Rendering main/index.html.erb within layouts/application
  Rendered main/index.html.erb within layouts/application (Duration: 2.6ms | GC: 0.0ms)
  Rendered layout layouts/application.html.erb (Duration: 6.6ms | GC: 0.0ms)
Completed 200 OK in 35ms (Views: 16.7ms | ActiveRecord: 0.0ms (0 queries, 0 cached) | GC: 0.0ms)


Started GET "/" for 127.0.0.1 at 2025-12-07 14:19:19 +0300
Processing by MainController#index as HTML
  Rendering layout layouts/application.html.erb
  Rendering main/index.html.erb within layouts/application
  Rendered main/index.html.erb within layouts/application (Duration: 2.9ms | GC: 0.0ms)
  Rendered layout layouts/application.html.erb (Duration: 6.8ms | GC: 0.0ms)
Completed 200 OK in 36ms (Views: 16.8ms | ActiveRecord: 0.0ms (0 queries, 0 cached) | GC: 0.0ms)


Started GET "/" for 127.0.0.1 at 2025-12-07 14:19:39 +0300
Processing by MainController#index as HTML
  Rendering layout layouts/application.html.erb
  Rendering main/index.html.erb within layouts/application
  Rendered main/index.html.erb within layouts/application (Duration: 0.2ms | GC: 0.0ms)
  Rendered layout layouts/application.html.erb (Duration: 1.5ms | GC: 0.0ms)
Completed 200 OK in 15ms (Views: 2.6ms | ActiveRecord: 0.0ms (0 queries, 0 cached) | GC: 0.0ms)


Started GET "/" for 127.0.0.1 at 2025-12-07 14:19:50 +0300
Processing by MainController#index as HTML
  Rendering layout layouts/application.html.erb
  Rendering main/index.html.erb within layouts/application
  Rendered main/index.html.erb within layouts/application (Duration: 2.8ms | GC: 0.0ms)
  Rendered layout layouts/application.html.erb (Duration: 6.7ms | GC: 0.0ms)
Completed 200 OK in 33ms (Views: 15.6ms | ActiveRecord: 0.0ms (0 queries, 0 cached) | GC: 0.0ms)


Started GET "/" for 127.0.0.1 at 2025-12-07 14:20:41 +0300
Processing by MainController#index as HTML
  Rendering layout layouts/application.html.erb
  Rendering main/index.html.erb within layouts/application
  Rendered main/index.html.erb within layouts/application (Duration: 2.6ms | GC: 0.0ms)
  Rendered layout layouts/application.html.erb (Duration: 6.6ms | GC: 0.0ms)
Completed 200 OK in 33ms (Views: 15.6ms | ActiveRecord: 0.0ms (0 queries, 0 cached) | GC: 0.0ms)


Started GET "/" for 127.0.0.1 at 2025-12-07 14:20:58 +0300
Processing by MainController#index as HTML
  Rendering layout layouts/application.html.erb
  Rendering main/index.html.erb within layouts/application
  Rendered main/index.html.erb within layouts/application (Duration: 2.8ms | GC: 0.0ms)
  Rendered layout layouts/application.html.erb (Duration: 7.6ms | GC: 0.0ms)
Completed 200 OK in 44ms (Views: 19.3ms | ActiveRecord: 0.0ms (0 queries, 0 cached) | GC: 1.2ms)


Started GET "/" for 127.0.0.1 at 2025-12-07 14:21:43 +0300
Processing by MainController#index as HTML
  Rendering layout layouts/application.html.erb
  Rendering main/index.html.erb within layouts/application
  Rendered main/index.html.erb within layouts/application (Duration: 2.7ms | GC: 0.0ms)
  Rendered layout layouts/application.html.erb (Duration: 6.3ms | GC: 0.0ms)
Completed 200 OK in 32ms (Views: 15.2ms | ActiveRecord: 0.0ms (0 queries, 0 cached) | GC: 0.0ms)


Started GET "/" for 127.0.0.1 at 2025-12-07 14:23:50 +0300
Processing by MainController#index as HTML
  Rendering layout layouts/application.html.erb
  Rendering main/index.html.erb within layouts/application
  Rendered main/index.html.erb within layouts/application (Duration: 2.6ms | GC: 0.0ms)
  Rendered layout layouts/application.html.erb (Duration: 6.2ms | GC: 0.0ms)
Completed 200 OK in 32ms (Views: 15.1ms | ActiveRecord: 0.0ms (0 queries, 0 cached) | GC: 0.0ms)


Started GET "/" for 127.0.0.1 at 2025-12-07 14:24:13 +0300
Processing by MainController#index as HTML
  Rendering layout layouts/application.html.erb
  Rendering main/index.html.erb within layouts/application
  Rendered main/index.html.erb within layouts/application (Duration: 2.9ms | GC: 0.0ms)
  Rendered layout layouts/application.html.erb (Duration: 7.3ms | GC: 0.0ms)
Completed 200 OK in 36ms (Views: 17.2ms | ActiveRecord: 0.0ms (0 queries, 0 cached) | GC: 0.0ms)


Started GET "/" for 127.0.0.1 at 2025-12-07 14:24:21 +0300
Processing by MainController#index as HTML
  Rendering layout layouts/application.html.erb
  Rendering main/index.html.erb within layouts/application
  Rendered main/index.html.erb within layouts/application (Duration: 2.6ms | GC: 0.0ms)
  Rendered layout layouts/application.html.erb (Duration: 6.5ms | GC: 0.0ms)
Completed 200 OK in 34ms (Views: 15.5ms | ActiveRecord: 0.0ms (0 queries, 0 cached) | GC: 0.0ms)


Started GET "/" for 127.0.0.1 at 2025-12-07 14:24:26 +0300
Processing by MainController#index as HTML
  Rendering layout layouts/application.html.erb
  Rendering main/index.html.erb within layouts/application
  Rendered main/index.html.erb within layouts/application (Duration: 0.2ms | GC: 0.0ms)
  Rendered layout layouts/application.html.erb (Duration: 1.6ms | GC: 0.0ms)
Completed 200 OK in 14ms (Views: 2.7ms | ActiveRecord: 0.0ms (0 queries, 0 cached) | GC: 0.0ms)


Started GET "/" for 127.0.0.1 at 2025-12-07 14:24:53 +0300
Processing by MainController#index as HTML
  Rendering layout layouts/application.html.erb
  Rendering main/index.html.erb within layouts/application
  Rendered main/index.html.erb within layouts/application (Duration: 3.0ms | GC: 0.0ms)
  Rendered layout layouts/application.html.erb (Duration: 6.9ms | GC: 0.0ms)
Completed 200 OK in 33ms (Views: 16.1ms | ActiveRecord: 0.0ms (0 queries, 0 cached) | GC: 0.0ms)


Started GET "/" for 127.0.0.1 at 2025-12-07 14:25:16 +0300
Processing by MainController#index as HTML
  Rendering layout layouts/application.html.erb
  Rendering main/index.html.erb within layouts/application
  Rendered main/index.html.erb within layouts/application (Duration: 2.6ms | GC: 0.0ms)
  Rendered layout layouts/application.html.erb (Duration: 6.6ms | GC: 0.0ms)
Completed 200 OK in 33ms (Views: 15.7ms | ActiveRecord: 0.0ms (0 queries, 0 cached) | GC: 0.0ms)


Started GET "/" for 127.0.0.1 at 2025-12-07 14:25:44 +0300
Processing by MainController#index as HTML
  Rendering layout layouts/application.html.erb
  Rendering main/index.html.erb within layouts/application
  Rendered main/index.html.erb within layouts/application (Duration: 2.7ms | GC: 0.0ms)
  Rendered layout layouts/application.html.erb (Duration: 6.3ms | GC: 0.0ms)
Completed 200 OK in 31ms (Views: 14.8ms | ActiveRecord: 0.0ms (0 queries, 0 cached) | GC: 0.0ms)


Started GET "/" for 127.0.0.1 at 2025-12-07 14:26:02 +0300
Processing by MainController#index as HTML
  Rendering layout layouts/application.html.erb
  Rendering main/index.html.erb within layouts/application
  Rendered main/index.html.erb within layouts/application (Duration: 2.7ms | GC: 0.0ms)
  Rendered layout layouts/application.html.erb (Duration: 6.6ms | GC: 0.0ms)
Completed 200 OK in 34ms (Views: 16.1ms | ActiveRecord: 0.0ms (0 queries, 0 cached) | GC: 0.0ms)


Started GET "/" for 127.0.0.1 at 2025-12-07 14:26:08 +0300
Processing by MainController#index as HTML
  Rendering layout layouts/application.html.erb
  Rendering main/index.html.erb within layouts/application
  Rendered main/index.html.erb within layouts/application (Duration: 3.3ms | GC: 0.0ms)
  Rendered layout layouts/application.html.erb (Duration: 7.6ms | GC: 0.0ms)
Completed 200 OK in 42ms (Views: 19.3ms | ActiveRecord: 0.0ms (0 queries, 0 cached) | GC: 0.0ms)


Started GET "/" for 127.0.0.1 at 2025-12-07 14:28:17 +0300
Processing by MainController#index as HTML
  Rendering layout layouts/application.html.erb
  Rendering main/index.html.erb within layouts/application
  Rendered main/index.html.erb within layouts/application (Duration: 2.7ms | GC: 0.0ms)
  Rendered layout layouts/application.html.erb (Duration: 6.4ms | GC: 0.0ms)
Completed 200 OK in 32ms (Views: 15.2ms | ActiveRecord: 0.0ms (0 queries, 0 cached) | GC: 0.0ms)


Started GET "/" for 127.0.0.1 at 2025-12-07 14:29:42 +0300
Processing by MainController#index as HTML
  Rendering layout layouts/application.html.erb
  Rendering main/index.html.erb within layouts/application
  Rendered main/index.html.erb within layouts/application (Duration: 2.6ms | GC: 0.0ms)
  Rendered layout layouts/application.html.erb (Duration: 6.3ms | GC: 0.0ms)
Completed 200 OK in 32ms (Views: 15.1ms | ActiveRecord: 0.0ms (0 queries, 0 cached) | GC: 0.2ms)


Started GET "/" for 127.0.0.1 at 2025-12-07 14:30:16 +0300
Processing by MainController#index as HTML
  Rendering layout layouts/application.html.erb
  Rendering main/index.html.erb within layouts/application
  Rendered main/index.html.erb within layouts/application (Duration: 2.4ms | GC: 0.0ms)
  Rendered layout layouts/application.html.erb (Duration: 5.8ms | GC: 0.0ms)
Completed 200 OK in 32ms (Views: 14.7ms | ActiveRecord: 0.0ms (0 queries, 0 cached) | GC: 0.0ms)


Started GET "/" for 127.0.0.1 at 2025-12-07 14:30:33 +0300
Processing by MainController#index as HTML
  Rendering layout layouts/application.html.erb
  Rendering main/index.html.erb within layouts/application
  Rendered main/index.html.erb within layouts/application (Duration: 2.9ms | GC: 0.0ms)
  Rendered layout layouts/application.html.erb (Duration: 6.9ms | GC: 0.0ms)
Completed 200 OK in 36ms (Views: 16.3ms | ActiveRecord: 0.0ms (0 queries, 0 cached) | GC: 0.0ms)


Started GET "/" for 127.0.0.1 at 2025-12-07 14:30:52 +0300
Processing by MainController#index as HTML
  Rendering layout layouts/application.html.erb
  Rendering main/index.html.erb within layouts/application
  Rendered main/index.html.erb within layouts/application (Duration: 3.0ms | GC: 0.0ms)
  Rendered layout layouts/application.html.erb (Duration: 6.8ms | GC: 0.0ms)
Completed 200 OK in 33ms (Views: 15.7ms | ActiveRecord: 0.0ms (0 queries, 0 cached) | GC: 0.0ms)


Started GET "/" for 127.0.0.1 at 2025-12-07 14:31:10 +0300
Processing by MainController#index as HTML
  Rendering layout layouts/application.html.erb
  Rendering main/index.html.erb within layouts/application
  Rendered main/index.html.erb within layouts/application (Duration: 3.2ms | GC: 0.0ms)
  Rendered layout layouts/application.html.erb (Duration: 8.6ms | GC: 0.2ms)
Completed 200 OK in 43ms (Views: 21.0ms | ActiveRecord: 0.0ms (0 queries, 0 cached) | GC: 0.2ms)


Started GET "/" for 127.0.0.1 at 2025-12-07 14:31:15 +0300
Processing by MainController#index as HTML
  Rendering layout layouts/application.html.erb
  Rendering main/index.html.erb within layouts/application
  Rendered main/index.html.erb within layouts/application (Duration: 0.2ms | GC: 0.0ms)
  Rendered layout layouts/application.html.erb (Duration: 1.5ms | GC: 0.0ms)
Completed 200 OK in 14ms (Views: 2.5ms | ActiveRecord: 0.0ms (0 queries, 0 cached) | GC: 0.0ms)


Started GET "/" for 127.0.0.1 at 2025-12-07 14:31:17 +0300
Processing by MainController#index as HTML
  Rendering layout layouts/application.html.erb
  Rendering main/index.html.erb within layouts/application
  Rendered main/index.html.erb within layouts/application (Duration: 0.2ms | GC: 0.0ms)
  Rendered layout layouts/application.html.erb (Duration: 1.6ms | GC: 0.2ms)
Completed 200 OK in 14ms (Views: 2.5ms | ActiveRecord: 0.0ms (0 queries, 0 cached) | GC: 0.2ms)


Started GET "/" for 127.0.0.1 at 2025-12-07 14:31:17 +0300
Processing by MainController#index as HTML
  Rendering layout layouts/application.html.erb
  Rendering main/index.html.erb within layouts/application
  Rendered main/index.html.erb within layouts/application (Duration: 0.2ms | GC: 0.0ms)
  Rendered layout layouts/application.html.erb (Duration: 1.4ms | GC: 0.0ms)
Completed 200 OK in 14ms (Views: 2.4ms | ActiveRecord: 0.0ms (0 queries, 0 cached) | GC: 0.0ms)


Started GET "/" for 127.0.0.1 at 2025-12-07 14:31:20 +0300
Processing by MainController#index as HTML
  Rendering layout layouts/application.html.erb
  Rendering main/index.html.erb within layouts/application
  Rendered main/index.html.erb within layouts/application (Duration: 0.2ms | GC: 0.0ms)
  Rendered layout layouts/application.html.erb (Duration: 1.5ms | GC: 0.0ms)
Completed 200 OK in 15ms (Views: 2.6ms | ActiveRecord: 0.0ms (0 queries, 0 cached) | GC: 0.2ms)


Started GET "/" for 127.0.0.1 at 2025-12-07 14:32:26 +0300
Processing by MainController#index as HTML
  Rendering layout layouts/application.html.erb
  Rendering main/index.html.erb within layouts/application
  Rendered main/index.html.erb within layouts/application (Duration: 2.4ms | GC: 0.0ms)
  Rendered layout layouts/application.html.erb (Duration: 6.0ms | GC: 0.0ms)
Completed 200 OK in 32ms (Views: 15.3ms | ActiveRecord: 0.0ms (0 queries, 0 cached) | GC: 0.2ms)


Started GET "/" for 127.0.0.1 at 2025-12-07 14:32:42 +0300
Processing by MainController#index as HTML
  Rendering layout layouts/application.html.erb
  Rendering main/index.html.erb within layouts/application
  Rendered main/index.html.erb within layouts/application (Duration: 2.6ms | GC: 0.0ms)
  Rendered layout layouts/application.html.erb (Duration: 7.4ms | GC: 0.0ms)
Completed 200 OK in 36ms (Views: 17.3ms | ActiveRecord: 0.0ms (0 queries, 0 cached) | GC: 0.0ms)


Started GET "/" for 127.0.0.1 at 2025-12-07 14:32:44 +0300
Processing by MainController#index as HTML
  Rendering layout layouts/application.html.erb
  Rendering main/index.html.erb within layouts/application
  Rendered main/index.html.erb within layouts/application (Duration: 0.2ms | GC: 0.0ms)
  Rendered layout layouts/application.html.erb (Duration: 1.4ms | GC: 0.0ms)
Completed 200 OK in 13ms (Views: 2.5ms | ActiveRecord: 0.0ms (0 queries, 0 cached) | GC: 0.0ms)


Started GET "/" for 127.0.0.1 at 2025-12-07 14:32:56 +0300
Processing by MainController#index as HTML
  Rendering layout layouts/application.html.erb
  Rendering main/index.html.erb within layouts/application
  Rendered main/index.html.erb within layouts/application (Duration: 2.9ms | GC: 0.0ms)
  Rendered layout layouts/application.html.erb (Duration: 7.2ms | GC: 0.0ms)
Completed 200 OK in 36ms (Views: 16.7ms | ActiveRecord: 0.0ms (0 queries, 0 cached) | GC: 0.0ms)


Started GET "/" for 127.0.0.1 at 2025-12-07 14:33:24 +0300
Processing by MainController#index as HTML
  Rendering layout layouts/application.html.erb
  Rendering main/index.html.erb within layouts/application
  Rendered main/index.html.erb within layouts/application (Duration: 0.2ms | GC: 0.0ms)
  Rendered layout layouts/application.html.erb (Duration: 1.6ms | GC: 0.0ms)
Completed 200 OK in 15ms (Views: 2.7ms | ActiveRecord: 0.0ms (0 queries, 0 cached) | GC: 0.0ms)


Started GET "/" for 127.0.0.1 at 2025-12-07 14:33:29 +0300
Processing by MainController#index as HTML
  Rendering layout layouts/application.html.erb
  Rendering main/index.html.erb within layouts/application
  Rendered main/index.html.erb within layouts/application (Duration: 2.9ms | GC: 0.0ms)
  Rendered layout layouts/application.html.erb (Duration: 6.7ms | GC: 0.0ms)
Completed 200 OK in 35ms (Views: 16.8ms | ActiveRecord: 0.0ms (0 queries, 0 cached) | GC: 0.0ms)


Started GET "/" for 127.0.0.1 at 2025-12-07 14:33:58 +0300
Processing by MainController#index as HTML
  Rendering layout layouts/application.html.erb
  Rendering main/index.html.erb within layouts/application
  Rendered main/index.html.erb within layouts/application (Duration: 0.3ms | GC: 0.0ms)
  Rendered layout layouts/application.html.erb (Duration: 1.6ms | GC: 0.0ms)
Completed 200 OK in 15ms (Views: 2.6ms | ActiveRecord: 0.0ms (0 queries, 0 cached) | GC: 0.6ms)


Started GET "/" for 127.0.0.1 at 2025-12-07 14:34:05 +0300
Started GET "/" for 127.0.0.1 at 2025-12-07 14:34:11 +0300
Processing by MainController#index as HTML
  Rendering layout layouts/application.html.erb
  Rendering main/index.html.erb within layouts/application
  Rendered main/index.html.erb within layouts/application (Duration: 2.9ms | GC: 0.0ms)
  Rendered layout layouts/application.html.erb (Duration: 7.3ms | GC: 0.0ms)
Completed 200 OK in 35ms (Views: 16.7ms | ActiveRecord: 0.0ms (0 queries, 0 cached) | GC: 0.0ms)


Processing by MainController#index as HTML
  Rendering layout layouts/application.html.erb
  Rendering main/index.html.erb within layouts/application
  Rendered main/index.html.erb within layouts/application (Duration: 2.7ms | GC: 0.0ms)
  Rendered layout layouts/application.html.erb (Duration: 6.4ms | GC: 0.0ms)
Completed 200 OK in 34ms (Views: 16.0ms | ActiveRecord: 0.0ms (0 queries, 0 cached) | GC: 0.0ms)


Started GET "/" for 127.0.0.1 at 2025-12-07 14:34:30 +0300
Processing by MainController#index as HTML
  Rendering layout layouts/application.html.erb
  Rendering main/index.html.erb within layouts/application
  Rendered main/index.html.erb within layouts/application (Duration: 3.1ms | GC: 0.0ms)
  Rendered layout layouts/application.html.erb (Duration: 6.9ms | GC: 0.0ms)
Completed 200 OK in 36ms (Views: 16.3ms | ActiveRecord: 0.0ms (0 queries, 0 cached) | GC: 0.0ms)


Started GET "/" for 127.0.0.1 at 2025-12-07 14:34:54 +0300
Processing by MainController#index as HTML
  Rendering layout layouts/application.html.erb
  Rendering main/index.html.erb within layouts/application
  Rendered main/index.html.erb within layouts/application (Duration: 2.5ms | GC: 0.0ms)
  Rendered layout layouts/application.html.erb (Duration: 6.1ms | GC: 0.0ms)
Completed 200 OK in 32ms (Views: 15.0ms | ActiveRecord: 0.0ms (0 queries, 0 cached) | GC: 0.4ms)


Started GET "/" for 127.0.0.1 at 2025-12-07 14:35:24 +0300
Processing by MainController#index as HTML
  Rendering layout layouts/application.html.erb
  Rendering main/index.html.erb within layouts/application
  Rendered main/index.html.erb within layouts/application (Duration: 2.7ms | GC: 0.0ms)
  Rendered layout layouts/application.html.erb (Duration: 6.4ms | GC: 0.0ms)
Completed 200 OK in 34ms (Views: 15.5ms | ActiveRecord: 0.0ms (0 queries, 0 cached) | GC: 0.0ms)


Started GET "/" for 127.0.0.1 at 2025-12-07 14:35:40 +0300
Processing by MainController#index as HTML
  Rendering layout layouts/application.html.erb
  Rendering main/index.html.erb within layouts/application
  Rendered main/index.html.erb within layouts/application (Duration: 2.9ms | GC: 0.0ms)
  Rendered layout layouts/application.html.erb (Duration: 6.7ms | GC: 0.0ms)
Completed 200 OK in 35ms (Views: 17.7ms | ActiveRecord: 0.0ms (0 queries, 0 cached) | GC: 1.0ms)


Started GET "/" for 127.0.0.1 at 2025-12-07 14:35:58 +0300
Processing by MainController#index as HTML
  Rendering layout layouts/application.html.erb
  Rendering main/index.html.erb within layouts/application
  Rendered main/index.html.erb within layouts/application (Duration: 2.5ms | GC: 0.0ms)
  Rendered layout layouts/application.html.erb (Duration: 6.2ms | GC: 0.0ms)
Completed 200 OK in 35ms (Views: 15.7ms | ActiveRecord: 0.0ms (0 queries, 0 cached) | GC: 0.0ms)


Started GET "/" for 127.0.0.1 at 2025-12-07 14:36:35 +0300
Processing by MainController#index as HTML
  Rendering layout layouts/application.html.erb
  Rendering main/index.html.erb within layouts/application
  Rendered main/index.html.erb within layouts/application (Duration: 2.7ms | GC: 0.0ms)
  Rendered layout layouts/application.html.erb (Duration: 6.6ms | GC: 0.0ms)
Completed 200 OK in 33ms (Views: 16.0ms | ActiveRecord: 0.0ms (0 queries, 0 cached) | GC: 0.0ms)


Started GET "/" for 127.0.0.1 at 2025-12-07 14:37:08 +0300
Processing by MainController#index as HTML
  Rendering layout layouts/application.html.erb
  Rendering main/index.html.erb within layouts/application
  Rendered main/index.html.erb within layouts/application (Duration: 2.7ms | GC: 0.0ms)
  Rendered layout layouts/application.html.erb (Duration: 6.4ms | GC: 0.0ms)
Completed 200 OK in 36ms (Views: 16.3ms | ActiveRecord: 0.0ms (0 queries, 0 cached) | GC: 0.1ms)


Started GET "/" for 127.0.0.1 at 2025-12-07 14:40:03 +0300
Processing by MainController#index as HTML
  Rendering layout layouts/application.html.erb
  Rendering main/index.html.erb within layouts/application
  Rendered main/index.html.erb within layouts/application (Duration: 2.6ms | GC: 0.0ms)
  Rendered layout layouts/application.html.erb (Duration: 6.3ms | GC: 0.0ms)
Completed 200 OK in 32ms (Views: 15.2ms | ActiveRecord: 0.0ms (0 queries, 0 cached) | GC: 0.0ms)


Started GET "/" for 127.0.0.1 at 2025-12-07 14:40:52 +0300
Processing by MainController#index as HTML
  Rendering layout layouts/application.html.erb
  Rendering main/index.html.erb within layouts/application
  Rendered main/index.html.erb within layouts/application (Duration: 2.8ms | GC: 0.0ms)
  Rendered layout layouts/application.html.erb (Duration: 6.6ms | GC: 0.0ms)
Completed 200 OK in 33ms (Views: 15.8ms | ActiveRecord: 0.0ms (0 queries, 0 cached) | GC: 0.0ms)


Started GET "/" for 127.0.0.1 at 2025-12-07 14:56:01 +0300
Processing by MainController#index as HTML
  Rendering layout layouts/application.html.erb
  Rendering main/index.html.erb within layouts/application
  Rendered main/index.html.erb within layouts/application (Duration: 2.9ms | GC: 0.0ms)
  Rendered layout layouts/application.html.erb (Duration: 6.9ms | GC: 0.0ms)
Completed 200 OK in 55ms (Views: 35.1ms | ActiveRecord: 0.0ms (0 queries, 0 cached) | GC: 0.5ms)


Started GET "/" for 127.0.0.1 at 2025-12-07 14:56:33 +0300
Processing by MainController#index as HTML
  Rendering layout layouts/application.html.erb
  Rendering main/index.html.erb within layouts/application
  Rendered main/index.html.erb within layouts/application (Duration: 2.8ms | GC: 0.0ms)
  Rendered layout layouts/application.html.erb (Duration: 6.9ms | GC: 0.0ms)
Completed 200 OK in 34ms (Views: 16.0ms | ActiveRecord: 0.0ms (0 queries, 0 cached) | GC: 0.0ms)


Started GET "/" for 127.0.0.1 at 2025-12-07 15:00:34 +0300
Processing by MainController#index as HTML
  Rendering layout layouts/application.html.erb
  Rendering main/index.html.erb within layouts/application
  Rendered main/index.html.erb within layouts/application (Duration: 2.7ms | GC: 0.0ms)
  Rendered layout layouts/application.html.erb (Duration: 6.7ms | GC: 0.0ms)
Completed 200 OK in 32ms (Views: 15.2ms | ActiveRecord: 0.0ms (0 queries, 0 cached) | GC: 0.0ms)


Started GET "/" for 127.0.0.1 at 2025-12-07 15:02:15 +0300
Processing by MainController#index as HTML
  Rendering layout layouts/application.html.erb
  Rendering main/index.html.erb within layouts/application
  Rendered main/index.html.erb within layouts/application (Duration: 2.6ms | GC: 0.0ms)
  Rendered layout layouts/application.html.erb (Duration: 6.2ms | GC: 0.0ms)
Completed 200 OK in 34ms (Views: 15.6ms | ActiveRecord: 0.0ms (0 queries, 0 cached) | GC: 0.6ms)


Started GET "/" for 127.0.0.1 at 2025-12-07 15:03:45 +0300
Processing by MainController#index as HTML
  Rendering layout layouts/application.html.erb
  Rendering main/index.html.erb within layouts/application
  Rendered main/index.html.erb within layouts/application (Duration: 2.5ms | GC: 0.0ms)
  Rendered layout layouts/application.html.erb (Duration: 6.2ms | GC: 0.1ms)
Completed 200 OK in 33ms (Views: 15.0ms | ActiveRecord: 0.0ms (0 queries, 0 cached) | GC: 0.1ms)


Started GET "/" for 127.0.0.1 at 2025-12-07 15:05:18 +0300
Processing by MainController#index as HTML
  Rendering layout layouts/application.html.erb
  Rendering main/index.html.erb within layouts/application
  Rendered main/index.html.erb within layouts/application (Duration: 2.8ms | GC: 0.0ms)
  Rendered layout layouts/application.html.erb (Duration: 6.8ms | GC: 0.0ms)
Completed 200 OK in 34ms (Views: 16.3ms | ActiveRecord: 0.0ms (0 queries, 0 cached) | GC: 0.0ms)


Started GET "/" for 127.0.0.1 at 2025-12-07 15:06:40 +0300
Processing by MainController#index as HTML
  Rendering layout layouts/application.html.erb
  Rendering main/index.html.erb within layouts/application
  Rendered main/index.html.erb within layouts/application (Duration: 2.7ms | GC: 0.0ms)
  Rendered layout layouts/application.html.erb (Duration: 6.3ms | GC: 0.0ms)
Completed 200 OK in 32ms (Views: 15.2ms | ActiveRecord: 0.0ms (0 queries, 0 cached) | GC: 0.6ms)


Started GET "/" for 127.0.0.1 at 2025-12-07 15:07:13 +0300
Processing by MainController#index as HTML
  Rendering layout layouts/application.html.erb
  Rendering main/index.html.erb within layouts/application
  Rendered main/index.html.erb within layouts/application (Duration: 2.5ms | GC: 0.0ms)
  Rendered layout layouts/application.html.erb (Duration: 6.4ms | GC: 0.0ms)
Completed 200 OK in 34ms (Views: 15.7ms | ActiveRecord: 0.0ms (0 queries, 0 cached) | GC: 0.0ms)


Started GET "/" for 127.0.0.1 at 2025-12-07 15:08:09 +0300
Processing by MainController#index as HTML
  Rendering layout layouts/application.html.erb
  Rendering main/index.html.erb within layouts/application
  Rendered main/index.html.erb within layouts/application (Duration: 2.5ms | GC: 0.1ms)
  Rendered layout layouts/application.html.erb (Duration: 6.1ms | GC: 0.1ms)
Completed 200 OK in 32ms (Views: 14.8ms | ActiveRecord: 0.0ms (0 queries, 0 cached) | GC: 0.1ms)


Started GET "/" for 127.0.0.1 at 2025-12-07 15:10:21 +0300
Processing by MainController#index as HTML
  Rendering layout layouts/application.html.erb
  Rendering main/index.html.erb within layouts/application
  Rendered main/index.html.erb within layouts/application (Duration: 2.5ms | GC: 0.0ms)
  Rendered layout layouts/application.html.erb (Duration: 6.3ms | GC: 0.0ms)
Completed 200 OK in 32ms (Views: 15.1ms | ActiveRecord: 0.0ms (0 queries, 0 cached) | GC: 0.0ms)


Started GET "/" for 127.0.0.1 at 2025-12-07 15:11:57 +0300
Processing by MainController#index as HTML
  Rendering layout layouts/application.html.erb
  Rendering main/index.html.erb within layouts/application
  Rendered main/index.html.erb within layouts/application (Duration: 2.6ms | GC: 0.0ms)
  Rendered layout layouts/application.html.erb (Duration: 6.2ms | GC: 0.0ms)
Completed 200 OK in 34ms (Views: 15.0ms | ActiveRecord: 0.0ms (0 queries, 0 cached) | GC: 0.6ms)


Started GET "/" for 127.0.0.1 at 2025-12-07 15:13:34 +0300
Processing by MainController#index as HTML
  Rendering layout layouts/application.html.erb
  Rendering main/index.html.erb within layouts/application
  Rendered main/index.html.erb within layouts/application (Duration: 2.4ms | GC: 0.0ms)
  Rendered layout layouts/application.html.erb (Duration: 5.8ms | GC: 0.0ms)
Completed 200 OK in 31ms (Views: 14.6ms | ActiveRecord: 0.0ms (0 queries, 0 cached) | GC: 0.0ms)


Started GET "/" for 127.0.0.1 at 2025-12-07 21:18:47 +0300
  [1m[36mActiveRecord::SchemaMigration Load (0.1ms)[0m  [1m[34mSELECT "schema_migrations"."version" FROM "schema_migrations" ORDER BY "schema_migrations"."version" ASC /*application='SmartScoreCounter'*/[0m
Processing by MainController#index as HTML
  Rendering layout layouts/application.html.erb
  Rendering main/index.html.erb within layouts/application
  Rendered main/index.html.erb within layouts/application (Duration: 4.3ms | GC: 0.0ms)
  Rendered layout layouts/application.html.erb (Duration: 7.6ms | GC: 0.0ms)
Completed 200 OK in 26ms (Views: 10.0ms | ActiveRecord: 0.0ms (0 queries, 0 cached) | GC: 0.0ms)


Started GET "/" for 127.0.0.1 at 2025-12-20 16:44:24 +0300
Started GET "/" for 127.0.0.1 at 2025-12-20 16:44:24 +0300
  [1m[36mActiveRecord::SchemaMigration Load (0.1ms)[0m  [1m[34mSELECT "schema_migrations"."version" FROM "schema_migrations" ORDER BY "schema_migrations"."version" ASC /*application='SmartScoreCounter'*/[0m
  
ActionController::RoutingError (No route matches [GET] "/"):
  
Processing by MainController#index as HTML
  Rendering layout layouts/application.html.erb
  Rendering main/index.html.erb within layouts/application
  Rendered main/index.html.erb within layouts/application (Duration: 10.9ms | GC: 0.0ms)
  Rendered layout layouts/application.html.erb (Duration: 15.5ms | GC: 0.0ms)
Completed 200 OK in 46ms (Views: 23.6ms | ActiveRecord: 0.0ms (0 queries, 0 cached) | GC: 0.7ms)


Started GET "/" for 127.0.0.1 at 2025-12-20 15:54:07 +0300
  [1m[36mActiveRecord::SchemaMigration Load (2.8ms)[0m  [1m[34mSELECT "schema_migrations"."version" FROM "schema_migrations" ORDER BY "schema_migrations"."version" ASC /*application='SmartScoreCounter'*/[0m
Processing by MainController#index as HTML
  Rendering layout layouts/application.html.erb
  Rendering main/index.html.erb within layouts/application
  Rendered main/index.html.erb within layouts/application (Duration: 53.5ms | GC: 0.0ms)
  Rendered layout layouts/application.html.erb (Duration: 66.5ms | GC: 0.0ms)
Completed 200 OK in 1005ms (Views: 173.8ms | ActiveRecord: 0.0ms (0 queries, 0 cached) | GC: 0.0ms)


Started GET "/" for 127.0.0.1 at 2025-12-20 15:54:52 +0300
Processing by MainController#index as HTML
  Rendering layout layouts/application.html.erb
  Rendering main/index.html.erb within layouts/application
  Rendered main/index.html.erb within layouts/application (Duration: 2.7ms | GC: 0.0ms)
  Rendered layout layouts/application.html.erb (Duration: 99.1ms | GC: 0.0ms)
Completed 200 OK in 131ms (Views: 110.5ms | ActiveRecord: 0.0ms (0 queries, 0 cached) | GC: 0.0ms)


Started GET "/" for 127.0.0.1 at 2025-12-20 15:55:31 +0300
Processing by MainController#index as HTML
  Rendering layout layouts/application.html.erb
  Rendering main/index.html.erb within layouts/application
  Rendered main/index.html.erb within layouts/application (Duration: 3.7ms | GC: 0.0ms)
  Rendered layout layouts/application.html.erb (Duration: 9.2ms | GC: 0.0ms)
Completed 200 OK in 46ms (Views: 21.9ms | ActiveRecord: 0.0ms (0 queries, 0 cached) | GC: 0.0ms)


Started GET "/" for 127.0.0.1 at 2025-12-20 15:58:14 +0300
Processing by MainController#index as HTML
  Rendering layout layouts/application.html.erb
  Rendering main/index.html.erb within layouts/application
  Rendered main/index.html.erb within layouts/application (Duration: 2.7ms | GC: 0.0ms)
  Rendered layout layouts/application.html.erb (Duration: 7.0ms | GC: 0.0ms)
Completed 200 OK in 36ms (Views: 17.7ms | ActiveRecord: 0.0ms (0 queries, 0 cached) | GC: 0.0ms)


Started GET "/?contact=on" for 127.0.0.1 at 2025-12-20 15:58:28 +0300
Processing by MainController#index as HTML
  Parameters: {"contact" => "on"}
  Rendering layout layouts/application.html.erb
  Rendering main/index.html.erb within layouts/application
  Rendered main/index.html.erb within layouts/application (Duration: 0.2ms | GC: 0.0ms)
  Rendered layout layouts/application.html.erb (Duration: 2.3ms | GC: 0.0ms)
Completed 200 OK in 15ms (Views: 3.5ms | ActiveRecord: 0.0ms (0 queries, 0 cached) | GC: 0.0ms)


Started GET "/?contact=on" for 127.0.0.1 at 2025-12-20 15:59:36 +0300
Processing by MainController#index as HTML
  Parameters: {"contact" => "on"}
  Rendering layout layouts/application.html.erb
  Rendering main/index.html.erb within layouts/application
  Rendered main/index.html.erb within layouts/application (Duration: 2.7ms | GC: 0.0ms)
  Rendered layout layouts/application.html.erb (Duration: 6.7ms | GC: 0.0ms)
Completed 200 OK in 34ms (Views: 18.8ms | ActiveRecord: 0.0ms (0 queries, 0 cached) | GC: 0.9ms)


Started GET "/" for 127.0.0.1 at 2025-12-20 15:59:45 +0300
Processing by MainController#index as HTML
  Rendering layout layouts/application.html.erb
  Rendering main/index.html.erb within layouts/application
  Rendered main/index.html.erb within layouts/application (Duration: 0.2ms | GC: 0.0ms)
  Rendered layout layouts/application.html.erb (Duration: 2.2ms | GC: 0.3ms)
Completed 200 OK in 15ms (Views: 3.3ms | ActiveRecord: 0.0ms (0 queries, 0 cached) | GC: 0.3ms)


Started GET "/?contact=on" for 127.0.0.1 at 2025-12-20 15:59:49 +0300
Processing by MainController#index as HTML
  Parameters: {"contact" => "on"}
  Rendering layout layouts/application.html.erb
  Rendering main/index.html.erb within layouts/application
  Rendered main/index.html.erb within layouts/application (Duration: 0.2ms | GC: 0.0ms)
  Rendered layout layouts/application.html.erb (Duration: 1.6ms | GC: 0.0ms)
Completed 200 OK in 17ms (Views: 2.7ms | ActiveRecord: 0.0ms (0 queries, 0 cached) | GC: 0.0ms)


Started GET "/?contact=on" for 127.0.0.1 at 2025-12-20 15:59:58 +0300
Processing by MainController#index as HTML
  Parameters: {"contact" => "on"}
  Rendering layout layouts/application.html.erb
  Rendering main/index.html.erb within layouts/application
  Rendered main/index.html.erb within layouts/application (Duration: 3.0ms | GC: 0.0ms)
  Rendered layout layouts/application.html.erb (Duration: 7.3ms | GC: 0.0ms)
Completed 200 OK in 37ms (Views: 17.5ms | ActiveRecord: 0.0ms (0 queries, 0 cached) | GC: 0.0ms)


Started GET "/?contact=on" for 127.0.0.1 at 2025-12-20 16:00:02 +0300
Processing by MainController#index as HTML
  Parameters: {"contact" => "on"}
  Rendering layout layouts/application.html.erb
  Rendering main/index.html.erb within layouts/application
  Rendered main/index.html.erb within layouts/application (Duration: 0.2ms | GC: 0.0ms)
  Rendered layout layouts/application.html.erb (Duration: 1.7ms | GC: 0.0ms)
Completed 200 OK in 16ms (Views: 3.2ms | ActiveRecord: 0.0ms (0 queries, 0 cached) | GC: 0.3ms)


Started GET "/?contact=on" for 127.0.0.1 at 2025-12-20 16:00:52 +0300
Processing by MainController#index as HTML
  Parameters: {"contact" => "on"}
  Rendering layout layouts/application.html.erb
  Rendering main/index.html.erb within layouts/application
  Rendered main/index.html.erb within layouts/application (Duration: 0.2ms | GC: 0.0ms)
  Rendered layout layouts/application.html.erb (Duration: 2.3ms | GC: 0.0ms)
Completed 200 OK in 22ms (Views: 4.3ms | ActiveRecord: 0.0ms (0 queries, 0 cached) | GC: 0.0ms)


Started GET "/?contact=on" for 127.0.0.1 at 2025-12-20 16:01:40 +0300
Processing by MainController#index as HTML
  Parameters: {"contact" => "on"}
  Rendering layout layouts/application.html.erb
  Rendering main/index.html.erb within layouts/application
  Rendered main/index.html.erb within layouts/application (Duration: 3.0ms | GC: 0.0ms)
  Rendered layout layouts/application.html.erb (Duration: 7.7ms | GC: 0.0ms)
Completed 200 OK in 38ms (Views: 19.2ms | ActiveRecord: 0.0ms (0 queries, 0 cached) | GC: 0.0ms)


Started GET "/?contact=on" for 127.0.0.1 at 2025-12-20 16:01:49 +0300
Processing by MainController#index as HTML
  Parameters: {"contact" => "on"}
  Rendering layout layouts/application.html.erb
  Rendering main/index.html.erb within layouts/application
  Rendered main/index.html.erb within layouts/application (Duration: 0.1ms | GC: 0.0ms)
  Rendered layout layouts/application.html.erb (Duration: 1.4ms | GC: 0.0ms)
Completed 200 OK in 16ms (Views: 2.5ms | ActiveRecord: 0.0ms (0 queries, 0 cached) | GC: 0.0ms)


Started GET "/?contact=on" for 127.0.0.1 at 2025-12-20 16:01:53 +0300
Processing by MainController#index as HTML
  Parameters: {"contact" => "on"}
  Rendering layout layouts/application.html.erb
  Rendering main/index.html.erb within layouts/application
  Rendered main/index.html.erb within layouts/application (Duration: 0.1ms | GC: 0.0ms)
  Rendered layout layouts/application.html.erb (Duration: 1.6ms | GC: 0.0ms)
Completed 200 OK in 15ms (Views: 2.8ms | ActiveRecord: 0.0ms (0 queries, 0 cached) | GC: 0.0ms)


Started GET "/?contact=on" for 127.0.0.1 at 2025-12-20 16:02:30 +0300
Processing by MainController#index as HTML
  Parameters: {"contact" => "on"}
  Rendering layout layouts/application.html.erb
  Rendering main/index.html.erb within layouts/application
  Rendered main/index.html.erb within layouts/application (Duration: 2.7ms | GC: 0.0ms)
  Rendered layout layouts/application.html.erb (Duration: 6.6ms | GC: 0.0ms)
Completed 200 OK in 34ms (Views: 15.8ms | ActiveRecord: 0.0ms (0 queries, 0 cached) | GC: 0.0ms)


Started GET "/" for 127.0.0.1 at 2025-12-20 16:02:41 +0300
Processing by MainController#index as HTML
  Rendering layout layouts/application.html.erb
  Rendering main/index.html.erb within layouts/application
  Rendered main/index.html.erb within layouts/application (Duration: 0.2ms | GC: 0.0ms)
  Rendered layout layouts/application.html.erb (Duration: 1.7ms | GC: 0.0ms)
Completed 200 OK in 17ms (Views: 3.0ms | ActiveRecord: 0.0ms (0 queries, 0 cached) | GC: 0.7ms)


Started GET "/" for 127.0.0.1 at 2025-12-20 16:05:45 +0300
Processing by MainController#index as HTML
  Rendering layout layouts/application.html.erb
  Rendering main/index.html.erb within layouts/application
  Rendered main/index.html.erb within layouts/application (Duration: 19.5ms | GC: 0.3ms)
  Rendered layout layouts/application.html.erb (Duration: 20.6ms | GC: 0.3ms)
Completed 500 Internal Server Error in 41ms (ActiveRecord: 0.0ms (0 queries, 0 cached) | GC: 0.3ms)


  
ActionView::Template::Error (undefined method 'month_calendar' for an instance of #<Class:0x00007fc6920c3360>)
Caused by: NoMethodError (undefined method 'month_calendar' for an instance of #<Class:0x00007fc6920c3360>)

Information for: ActionView::Template::Error (undefined method 'month_calendar' for an instance of #<Class:0x00007fc6920c3360>):
    136:   </form>
    137: 
    138:   <%= month_calendar do |date| %>
    139:     <%= date %>
    140:   <% end %>
    141: </div>
    142: 
  
app/views/main/index.html.erb:139

Information for cause: NoMethodError (undefined method 'month_calendar' for an instance of #<Class:0x00007fc6920c3360>):
  
app/views/main/index.html.erb:139
Started GET "/favicon.ico" for 127.0.0.1 at 2025-12-20 16:05:52 +0300
  
ActionController::RoutingError (No route matches [GET] "/favicon.ico"):
  
Started GET "/" for 127.0.0.1 at 2025-12-20 16:08:07 +0300
  [1m[36mActiveRecord::SchemaMigration Load (2.2ms)[0m  [1m[34mSELECT "schema_migrations"."version" FROM "schema_migrations" ORDER BY "schema_migrations"."version" ASC /*application='SmartScoreCounter'*/[0m
Processing by MainController#index as HTML
  Rendering layout layouts/application.html.erb
  Rendering main/index.html.erb within layouts/application
  Rendered /home/komrad/.rvm/gems/ruby-3.4.7/gems/simple_calendar-3.1.0/app/views/simple_calendar/_month_calendar.html.erb (Duration: 4.2ms | GC: 0.0ms)
  Rendered main/index.html.erb within layouts/application (Duration: 107.6ms | GC: 0.4ms)
  Rendered layout layouts/application.html.erb (Duration: 155.2ms | GC: 0.4ms)
Completed 200 OK in 355ms (Views: 198.0ms | ActiveRecord: 0.0ms (0 queries, 0 cached) | GC: 1.5ms)


Started GET "/?start_date=2025-11-30" for 127.0.0.1 at 2025-12-20 16:08:15 +0300
Processing by MainController#index as HTML
  Parameters: {"start_date" => "2025-11-30"}
  Rendering layout layouts/application.html.erb
  Rendering main/index.html.erb within layouts/application
  Rendered /home/komrad/.rvm/gems/ruby-3.4.7/gems/simple_calendar-3.1.0/app/views/simple_calendar/_month_calendar.html.erb (Duration: 3.3ms | GC: 0.0ms)
  Rendered main/index.html.erb within layouts/application (Duration: 4.9ms | GC: 0.0ms)
  Rendered layout layouts/application.html.erb (Duration: 7.1ms | GC: 0.0ms)
Completed 200 OK in 23ms (Views: 8.7ms | ActiveRecord: 0.0ms (0 queries, 0 cached) | GC: 0.0ms)


Started GET "/?start_date=2025-12-01" for 127.0.0.1 at 2025-12-20 16:08:17 +0300
Processing by MainController#index as HTML
  Parameters: {"start_date" => "2025-12-01"}
  Rendering layout layouts/application.html.erb
  Rendering main/index.html.erb within layouts/application
  Rendered /home/komrad/.rvm/gems/ruby-3.4.7/gems/simple_calendar-3.1.0/app/views/simple_calendar/_month_calendar.html.erb (Duration: 2.7ms | GC: 0.0ms)
  Rendered main/index.html.erb within layouts/application (Duration: 4.1ms | GC: 0.0ms)
  Rendered layout layouts/application.html.erb (Duration: 6.7ms | GC: 0.0ms)
Completed 200 OK in 21ms (Views: 8.3ms | ActiveRecord: 0.0ms (0 queries, 0 cached) | GC: 0.0ms)


Started GET "/?start_date=2025-11-30" for 127.0.0.1 at 2025-12-20 16:08:18 +0300
Processing by MainController#index as HTML
  Parameters: {"start_date" => "2025-11-30"}
  Rendering layout layouts/application.html.erb
  Rendering main/index.html.erb within layouts/application
  Rendered /home/komrad/.rvm/gems/ruby-3.4.7/gems/simple_calendar-3.1.0/app/views/simple_calendar/_month_calendar.html.erb (Duration: 2.6ms | GC: 0.0ms)
  Rendered main/index.html.erb within layouts/application (Duration: 3.9ms | GC: 0.0ms)
  Rendered layout layouts/application.html.erb (Duration: 6.7ms | GC: 0.0ms)
Completed 200 OK in 24ms (Views: 8.5ms | ActiveRecord: 0.0ms (0 queries, 0 cached) | GC: 0.0ms)


Started GET "/?start_date=2025-10-26" for 127.0.0.1 at 2025-12-20 16:08:20 +0300
Processing by MainController#index as HTML
  Parameters: {"start_date" => "2025-10-26"}
  Rendering layout layouts/application.html.erb
  Rendering main/index.html.erb within layouts/application
  Rendered /home/komrad/.rvm/gems/ruby-3.4.7/gems/simple_calendar-3.1.0/app/views/simple_calendar/_month_calendar.html.erb (Duration: 2.7ms | GC: 0.0ms)
  Rendered main/index.html.erb within layouts/application (Duration: 4.0ms | GC: 0.0ms)
  Rendered layout layouts/application.html.erb (Duration: 5.9ms | GC: 0.0ms)
Completed 200 OK in 20ms (Views: 7.3ms | ActiveRecord: 0.0ms (0 queries, 0 cached) | GC: 0.0ms)


Started GET "/?start_date=2025-09-28" for 127.0.0.1 at 2025-12-20 16:08:21 +0300
Processing by MainController#index as HTML
  Parameters: {"start_date" => "2025-09-28"}
  Rendering layout layouts/application.html.erb
  Rendering main/index.html.erb within layouts/application
  Rendered /home/komrad/.rvm/gems/ruby-3.4.7/gems/simple_calendar-3.1.0/app/views/simple_calendar/_month_calendar.html.erb (Duration: 6.1ms | GC: 0.0ms)
  Rendered main/index.html.erb within layouts/application (Duration: 8.0ms | GC: 0.0ms)
  Rendered layout layouts/application.html.erb (Duration: 11.1ms | GC: 0.0ms)
Completed 200 OK in 44ms (Views: 13.4ms | ActiveRecord: 0.0ms (0 queries, 0 cached) | GC: 0.0ms)


Started GET "/?start_date=2025-10-06" for 127.0.0.1 at 2025-12-20 16:08:23 +0300
Processing by MainController#index as HTML
  Parameters: {"start_date" => "2025-10-06"}
  Rendering layout layouts/application.html.erb
  Rendering main/index.html.erb within layouts/application
  Rendered /home/komrad/.rvm/gems/ruby-3.4.7/gems/simple_calendar-3.1.0/app/views/simple_calendar/_month_calendar.html.erb (Duration: 2.8ms | GC: 0.0ms)
  Rendered main/index.html.erb within layouts/application (Duration: 4.6ms | GC: 0.0ms)
  Rendered layout layouts/application.html.erb (Duration: 7.0ms | GC: 0.0ms)
Completed 200 OK in 24ms (Views: 8.4ms | ActiveRecord: 0.0ms (0 queries, 0 cached) | GC: 0.0ms)


Started GET "/?start_date=2025-11-03" for 127.0.0.1 at 2025-12-20 16:08:25 +0300
Processing by MainController#index as HTML
  Parameters: {"start_date" => "2025-11-03"}
  Rendering layout layouts/application.html.erb
  Rendering main/index.html.erb within layouts/application
  Rendered /home/komrad/.rvm/gems/ruby-3.4.7/gems/simple_calendar-3.1.0/app/views/simple_calendar/_month_calendar.html.erb (Duration: 3.6ms | GC: 0.0ms)
  Rendered main/index.html.erb within layouts/application (Duration: 5.2ms | GC: 0.0ms)
  Rendered layout layouts/application.html.erb (Duration: 7.9ms | GC: 0.0ms)
Completed 200 OK in 22ms (Views: 9.3ms | ActiveRecord: 0.0ms (0 queries, 0 cached) | GC: 0.0ms)


Started GET "/?start_date=2025-12-01" for 127.0.0.1 at 2025-12-20 16:08:26 +0300
Processing by MainController#index as HTML
  Parameters: {"start_date" => "2025-12-01"}
  Rendering layout layouts/application.html.erb
  Rendering main/index.html.erb within layouts/application
  Rendered /home/komrad/.rvm/gems/ruby-3.4.7/gems/simple_calendar-3.1.0/app/views/simple_calendar/_month_calendar.html.erb (Duration: 2.6ms | GC: 0.0ms)
  Rendered main/index.html.erb within layouts/application (Duration: 3.9ms | GC: 0.0ms)
  Rendered layout layouts/application.html.erb (Duration: 6.3ms | GC: 0.0ms)
Completed 200 OK in 21ms (Views: 8.5ms | ActiveRecord: 0.0ms (0 queries, 0 cached) | GC: 0.0ms)


Started GET "/?start_date=2026-01-05" for 127.0.0.1 at 2025-12-20 16:08:27 +0300
Processing by MainController#index as HTML
  Parameters: {"start_date" => "2026-01-05"}
  Rendering layout layouts/application.html.erb
  Rendering main/index.html.erb within layouts/application
  Rendered /home/komrad/.rvm/gems/ruby-3.4.7/gems/simple_calendar-3.1.0/app/views/simple_calendar/_month_calendar.html.erb (Duration: 4.4ms | GC: 0.0ms)
  Rendered main/index.html.erb within layouts/application (Duration: 6.4ms | GC: 0.0ms)
  Rendered layout layouts/application.html.erb (Duration: 9.2ms | GC: 0.0ms)
Completed 200 OK in 31ms (Views: 11.1ms | ActiveRecord: 0.0ms (0 queries, 0 cached) | GC: 0.0ms)


Started GET "/?start_date=2025-12-28" for 127.0.0.1 at 2025-12-20 16:08:29 +0300
Processing by MainController#index as HTML
  Parameters: {"start_date" => "2025-12-28"}
  Rendering layout layouts/application.html.erb
  Rendering main/index.html.erb within layouts/application
  Rendered /home/komrad/.rvm/gems/ruby-3.4.7/gems/simple_calendar-3.1.0/app/views/simple_calendar/_month_calendar.html.erb (Duration: 3.1ms | GC: 0.0ms)
  Rendered main/index.html.erb within layouts/application (Duration: 4.9ms | GC: 0.0ms)
  Rendered layout layouts/application.html.erb (Duration: 7.0ms | GC: 0.0ms)
Completed 200 OK in 22ms (Views: 8.4ms | ActiveRecord: 0.0ms (0 queries, 0 cached) | GC: 0.0ms)


Started GET "/?start_date=2025-12-28" for 127.0.0.1 at 2025-12-20 16:11:02 +0300
Processing by MainController#index as HTML
  Parameters: {"start_date" => "2025-12-28"}
  Rendering layout layouts/application.html.erb
  Rendering main/index.html.erb within layouts/application
  Rendered simple_calendar/_month_calendar.html.erb (Duration: 21.7ms | GC: 15.9ms)
  Rendered main/index.html.erb within layouts/application (Duration: 32.8ms | GC: 15.9ms)
  Rendered layout layouts/application.html.erb (Duration: 39.1ms | GC: 15.9ms)
Completed 200 OK in 72ms (Views: 51.9ms | ActiveRecord: 0.0ms (0 queries, 0 cached) | GC: 15.9ms)


Started GET "/" for 127.0.0.1 at 2025-12-20 16:16:24 +0300
  [1m[36mActiveRecord::SchemaMigration Load (1.4ms)[0m  [1m[34mSELECT "schema_migrations"."version" FROM "schema_migrations" ORDER BY "schema_migrations"."version" ASC /*application='SmartScoreCounter'*/[0m
Processing by MainController#index as HTML
  Rendering layout layouts/application.html.erb
  Rendering main/index.html.erb within layouts/application
  Rendered simple_calendar/_month_calendar.html.erb (Duration: 147.3ms | GC: 0.0ms)
  Rendered main/index.html.erb within layouts/application (Duration: 193.5ms | GC: 1.0ms)
  Rendered layout layouts/application.html.erb (Duration: 226.6ms | GC: 1.0ms)
Completed 200 OK in 407ms (Views: 262.1ms | ActiveRecord: 0.0ms (0 queries, 0 cached) | GC: 2.0ms)


Started GET "/" for 127.0.0.1 at 2025-12-20 16:17:36 +0300
  [1m[36mActiveRecord::SchemaMigration Load (1.8ms)[0m  [1m[34mSELECT "schema_migrations"."version" FROM "schema_migrations" ORDER BY "schema_migrations"."version" ASC /*application='SmartScoreCounter'*/[0m
Processing by MainController#index as HTML
  Rendering layout layouts/application.html.erb
  Rendering main/index.html.erb within layouts/application
  Rendered simple_calendar/_month_calendar.html.erb (Duration: 112.5ms | GC: 0.0ms)
  Rendered main/index.html.erb within layouts/application (Duration: 178.8ms | GC: 0.0ms)
  Rendered layout layouts/application.html.erb (Duration: 248.8ms | GC: 21.0ms)
Completed 200 OK in 499ms (Views: 298.7ms | ActiveRecord: 0.0ms (0 queries, 0 cached) | GC: 21.0ms)


Started GET "/" for 127.0.0.1 at 2025-12-20 16:18:25 +0300
  [1m[36mActiveRecord::SchemaMigration Load (1.9ms)[0m  [1m[34mSELECT "schema_migrations"."version" FROM "schema_migrations" ORDER BY "schema_migrations"."version" ASC /*application='SmartScoreCounter'*/[0m
Processing by MainController#index as HTML
  Rendering layout layouts/application.html.erb
  Rendering main/index.html.erb within layouts/application
  Rendered simple_calendar/_month_calendar.html.erb (Duration: 82.0ms | GC: 0.0ms)
  Rendered main/index.html.erb within layouts/application (Duration: 115.5ms | GC: 0.0ms)
  Rendered layout layouts/application.html.erb (Duration: 181.1ms | GC: 16.1ms)
Completed 200 OK in 302ms (Views: 199.4ms | ActiveRecord: 0.0ms (0 queries, 0 cached) | GC: 16.1ms)


Started GET "/?start_date=2026-01-05" for 127.0.0.1 at 2025-12-20 16:18:29 +0300
Processing by MainController#index as HTML
  Parameters: {"start_date" => "2026-01-05"}
  Rendering layout layouts/application.html.erb
  Rendering main/index.html.erb within layouts/application
  Rendered simple_calendar/_month_calendar.html.erb (Duration: 4.6ms | GC: 1.0ms)
  Rendered main/index.html.erb within layouts/application (Duration: 6.7ms | GC: 1.0ms)
  Rendered layout layouts/application.html.erb (Duration: 8.8ms | GC: 1.0ms)
Completed 200 OK in 23ms (Views: 10.3ms | ActiveRecord: 0.0ms (0 queries, 0 cached) | GC: 1.0ms)


Started GET "/?start_date=2025-12-28" for 127.0.0.1 at 2025-12-20 16:18:31 +0300
Processing by MainController#index as HTML
  Parameters: {"start_date" => "2025-12-28"}
  Rendering layout layouts/application.html.erb
  Rendering main/index.html.erb within layouts/application
  Rendered simple_calendar/_month_calendar.html.erb (Duration: 3.8ms | GC: 0.6ms)
  Rendered main/index.html.erb within layouts/application (Duration: 5.2ms | GC: 0.6ms)
  Rendered layout layouts/application.html.erb (Duration: 7.7ms | GC: 0.6ms)
Completed 200 OK in 23ms (Views: 8.9ms | ActiveRecord: 0.0ms (0 queries, 0 cached) | GC: 0.6ms)


Started GET "/?start_date=2025-12-28" for 127.0.0.1 at 2025-12-20 16:19:22 +0300
  [1m[36mActiveRecord::SchemaMigration Load (1.9ms)[0m  [1m[34mSELECT "schema_migrations"."version" FROM "schema_migrations" ORDER BY "schema_migrations"."version" ASC /*application='SmartScoreCounter'*/[0m
Processing by MainController#index as HTML
  Parameters: {"start_date" => "2025-12-28"}
  Rendering layout layouts/application.html.erb
  Rendering main/index.html.erb within layouts/application
  Rendered simple_calendar/_month_calendar.html.erb (Duration: 216.9ms | GC: 18.9ms)
  Rendered main/index.html.erb within layouts/application (Duration: 261.5ms | GC: 18.9ms)
  Rendered layout layouts/application.html.erb (Duration: 338.8ms | GC: 18.9ms)
Completed 200 OK in 508ms (Views: 369.2ms | ActiveRecord: 0.0ms (0 queries, 0 cached) | GC: 18.9ms)


Started GET "/?start_date=2026-01-05" for 127.0.0.1 at 2025-12-20 16:19:26 +0300
Processing by MainController#index as HTML
  Parameters: {"start_date" => "2026-01-05"}
  Rendering layout layouts/application.html.erb
  Rendering main/index.html.erb within layouts/application
  Rendered simple_calendar/_month_calendar.html.erb (Duration: 4.2ms | GC: 1.2ms)
  Rendered main/index.html.erb within layouts/application (Duration: 5.5ms | GC: 1.2ms)
  Rendered layout layouts/application.html.erb (Duration: 7.7ms | GC: 1.2ms)
Completed 200 OK in 23ms (Views: 9.9ms | ActiveRecord: 0.0ms (0 queries, 0 cached) | GC: 1.2ms)


Started GET "/?start_date=2025-12-28" for 127.0.0.1 at 2025-12-20 16:19:28 +0300
Processing by MainController#index as HTML
  Parameters: {"start_date" => "2025-12-28"}
  Rendering layout layouts/application.html.erb
  Rendering main/index.html.erb within layouts/application
  Rendered simple_calendar/_month_calendar.html.erb (Duration: 3.5ms | GC: 0.7ms)
  Rendered main/index.html.erb within layouts/application (Duration: 4.9ms | GC: 0.7ms)
  Rendered layout layouts/application.html.erb (Duration: 7.3ms | GC: 0.7ms)
Completed 200 OK in 22ms (Views: 9.2ms | ActiveRecord: 0.0ms (0 queries, 0 cached) | GC: 0.7ms)


Started GET "/?start_date=2025-11-30" for 127.0.0.1 at 2025-12-20 16:19:29 +0300
Processing by MainController#index as HTML
  Parameters: {"start_date" => "2025-11-30"}
  Rendering layout layouts/application.html.erb
  Rendering main/index.html.erb within layouts/application
  Rendered simple_calendar/_month_calendar.html.erb (Duration: 4.1ms | GC: 0.2ms)
  Rendered main/index.html.erb within layouts/application (Duration: 6.4ms | GC: 0.9ms)
  Rendered layout layouts/application.html.erb (Duration: 8.9ms | GC: 1.1ms)
Completed 200 OK in 22ms (Views: 10.0ms | ActiveRecord: 0.0ms (0 queries, 0 cached) | GC: 1.1ms)


Started GET "/?start_date=2025-10-26" for 127.0.0.1 at 2025-12-20 16:19:31 +0300
Processing by MainController#index as HTML
  Parameters: {"start_date" => "2025-10-26"}
  Rendering layout layouts/application.html.erb
  Rendering main/index.html.erb within layouts/application
  Rendered simple_calendar/_month_calendar.html.erb (Duration: 2.8ms | GC: 0.0ms)
  Rendered main/index.html.erb within layouts/application (Duration: 3.9ms | GC: 0.0ms)
  Rendered layout layouts/application.html.erb (Duration: 6.6ms | GC: 0.0ms)
Completed 200 OK in 23ms (Views: 8.3ms | ActiveRecord: 0.0ms (0 queries, 0 cached) | GC: 0.0ms)


Started GET "/?start_date=2025-11-03" for 127.0.0.1 at 2025-12-20 16:19:33 +0300
Processing by MainController#index as HTML
  Parameters: {"start_date" => "2025-11-03"}
  Rendering layout layouts/application.html.erb
  Rendering main/index.html.erb within layouts/application
  Rendered simple_calendar/_month_calendar.html.erb (Duration: 2.5ms | GC: 0.0ms)
  Rendered main/index.html.erb within layouts/application (Duration: 3.8ms | GC: 0.0ms)
  Rendered layout layouts/application.html.erb (Duration: 6.1ms | GC: 0.0ms)
Completed 200 OK in 20ms (Views: 7.6ms | ActiveRecord: 0.0ms (0 queries, 0 cached) | GC: 0.0ms)


Started GET "/?start_date=2025-12-01" for 127.0.0.1 at 2025-12-20 16:19:33 +0300
Processing by MainController#index as HTML
  Parameters: {"start_date" => "2025-12-01"}
  Rendering layout layouts/application.html.erb
  Rendering main/index.html.erb within layouts/application
  Rendered simple_calendar/_month_calendar.html.erb (Duration: 2.8ms | GC: 0.0ms)
  Rendered main/index.html.erb within layouts/application (Duration: 4.2ms | GC: 0.0ms)
  Rendered layout layouts/application.html.erb (Duration: 6.4ms | GC: 0.0ms)
Completed 200 OK in 21ms (Views: 7.7ms | ActiveRecord: 0.0ms (0 queries, 0 cached) | GC: 0.0ms)


Started GET "/?start_date=2026-01-05" for 127.0.0.1 at 2025-12-20 16:19:37 +0300
Processing by MainController#index as HTML
  Parameters: {"start_date" => "2026-01-05"}
  Rendering layout layouts/application.html.erb
  Rendering main/index.html.erb within layouts/application
  Rendered simple_calendar/_month_calendar.html.erb (Duration: 4.5ms | GC: 0.0ms)
  Rendered main/index.html.erb within layouts/application (Duration: 6.1ms | GC: 0.0ms)
  Rendered layout layouts/application.html.erb (Duration: 8.9ms | GC: 0.0ms)
Completed 200 OK in 28ms (Views: 10.5ms | ActiveRecord: 0.0ms (0 queries, 0 cached) | GC: 0.0ms)


Started GET "/?start_date=2026-02-02" for 127.0.0.1 at 2025-12-20 16:19:39 +0300
Processing by MainController#index as HTML
  Parameters: {"start_date" => "2026-02-02"}
  Rendering layout layouts/application.html.erb
  Rendering main/index.html.erb within layouts/application
  Rendered simple_calendar/_month_calendar.html.erb (Duration: 3.7ms | GC: 0.0ms)
  Rendered main/index.html.erb within layouts/application (Duration: 5.4ms | GC: 0.0ms)
  Rendered layout layouts/application.html.erb (Duration: 7.3ms | GC: 0.0ms)
Completed 200 OK in 22ms (Views: 8.7ms | ActiveRecord: 0.0ms (0 queries, 0 cached) | GC: 0.0ms)


Started GET "/?start_date=2026-03-02" for 127.0.0.1 at 2025-12-20 16:19:41 +0300
Processing by MainController#index as HTML
  Parameters: {"start_date" => "2026-03-02"}
  Rendering layout layouts/application.html.erb
  Rendering main/index.html.erb within layouts/application
  Rendered simple_calendar/_month_calendar.html.erb (Duration: 3.3ms | GC: 0.0ms)
  Rendered main/index.html.erb within layouts/application (Duration: 4.5ms | GC: 0.0ms)
  Rendered layout layouts/application.html.erb (Duration: 6.5ms | GC: 0.0ms)
Completed 200 OK in 23ms (Views: 8.0ms | ActiveRecord: 0.0ms (0 queries, 0 cached) | GC: 0.0ms)


Started GET "/?start_date=2026-02-22" for 127.0.0.1 at 2025-12-20 16:19:43 +0300
Processing by MainController#index as HTML
  Parameters: {"start_date" => "2026-02-22"}
  Rendering layout layouts/application.html.erb
  Rendering main/index.html.erb within layouts/application
  Rendered simple_calendar/_month_calendar.html.erb (Duration: 3.2ms | GC: 0.0ms)
  Rendered main/index.html.erb within layouts/application (Duration: 4.4ms | GC: 0.0ms)
  Rendered layout layouts/application.html.erb (Duration: 6.7ms | GC: 0.0ms)
Completed 200 OK in 22ms (Views: 8.1ms | ActiveRecord: 0.0ms (0 queries, 0 cached) | GC: 0.0ms)


Started GET "/?start_date=2026-01-25" for 127.0.0.1 at 2025-12-20 16:19:44 +0300
Processing by MainController#index as HTML
  Parameters: {"start_date" => "2026-01-25"}
  Rendering layout layouts/application.html.erb
  Rendering main/index.html.erb within layouts/application
  Rendered simple_calendar/_month_calendar.html.erb (Duration: 3.6ms | GC: 0.0ms)
  Rendered main/index.html.erb within layouts/application (Duration: 5.1ms | GC: 0.0ms)
  Rendered layout layouts/application.html.erb (Duration: 7.1ms | GC: 0.0ms)
Completed 200 OK in 23ms (Views: 8.4ms | ActiveRecord: 0.0ms (0 queries, 0 cached) | GC: 0.0ms)


Started GET "/?start_date=2025-12-28" for 127.0.0.1 at 2025-12-20 16:19:46 +0300
Processing by MainController#index as HTML
  Parameters: {"start_date" => "2025-12-28"}
  Rendering layout layouts/application.html.erb
  Rendering main/index.html.erb within layouts/application
  Rendered simple_calendar/_month_calendar.html.erb (Duration: 4.2ms | GC: 0.0ms)
  Rendered main/index.html.erb within layouts/application (Duration: 5.6ms | GC: 0.0ms)
  Rendered layout layouts/application.html.erb (Duration: 7.8ms | GC: 0.0ms)
Completed 200 OK in 22ms (Views: 9.2ms | ActiveRecord: 0.0ms (0 queries, 0 cached) | GC: 0.0ms)


Started GET "/?start_date=2025-11-30" for 127.0.0.1 at 2025-12-20 16:19:48 +0300
Processing by MainController#index as HTML
  Parameters: {"start_date" => "2025-11-30"}
  Rendering layout layouts/application.html.erb
  Rendering main/index.html.erb within layouts/application
  Rendered simple_calendar/_month_calendar.html.erb (Duration: 2.9ms | GC: 0.0ms)
  Rendered main/index.html.erb within layouts/application (Duration: 4.0ms | GC: 0.0ms)
  Rendered layout layouts/application.html.erb (Duration: 6.3ms | GC: 0.0ms)
Completed 200 OK in 21ms (Views: 8.0ms | ActiveRecord: 0.0ms (0 queries, 0 cached) | GC: 0.0ms)


Started GET "/?start_date=2025-10-26" for 127.0.0.1 at 2025-12-20 16:19:49 +0300
Processing by MainController#index as HTML
  Parameters: {"start_date" => "2025-10-26"}
  Rendering layout layouts/application.html.erb
  Rendering main/index.html.erb within layouts/application
  Rendered simple_calendar/_month_calendar.html.erb (Duration: 2.8ms | GC: 0.0ms)
  Rendered main/index.html.erb within layouts/application (Duration: 4.0ms | GC: 0.0ms)
  Rendered layout layouts/application.html.erb (Duration: 6.2ms | GC: 0.0ms)
Completed 200 OK in 21ms (Views: 7.9ms | ActiveRecord: 0.0ms (0 queries, 0 cached) | GC: 0.0ms)


Started GET "/?start_date=2025-11-03" for 127.0.0.1 at 2025-12-20 16:19:52 +0300
Processing by MainController#index as HTML
  Parameters: {"start_date" => "2025-11-03"}
  Rendering layout layouts/application.html.erb
  Rendering main/index.html.erb within layouts/application
  Rendered simple_calendar/_month_calendar.html.erb (Duration: 3.4ms | GC: 0.0ms)
  Rendered main/index.html.erb within layouts/application (Duration: 4.5ms | GC: 0.0ms)
  Rendered layout layouts/application.html.erb (Duration: 6.6ms | GC: 0.0ms)
Completed 200 OK in 21ms (Views: 7.8ms | ActiveRecord: 0.0ms (0 queries, 0 cached) | GC: 0.0ms)


Started GET "/?start_date=2025-12-01" for 127.0.0.1 at 2025-12-20 16:19:53 +0300
Processing by MainController#index as HTML
  Parameters: {"start_date" => "2025-12-01"}
  Rendering layout layouts/application.html.erb
  Rendering main/index.html.erb within layouts/application
  Rendered simple_calendar/_month_calendar.html.erb (Duration: 3.1ms | GC: 0.0ms)
  Rendered main/index.html.erb within layouts/application (Duration: 4.6ms | GC: 0.0ms)
  Rendered layout layouts/application.html.erb (Duration: 7.1ms | GC: 0.0ms)
Completed 200 OK in 21ms (Views: 8.5ms | ActiveRecord: 0.0ms (0 queries, 0 cached) | GC: 0.0ms)


Started GET "/?start_date=2026-01-05" for 127.0.0.1 at 2025-12-20 16:19:53 +0300
Processing by MainController#index as HTML
  Parameters: {"start_date" => "2026-01-05"}
  Rendering layout layouts/application.html.erb
  Rendering main/index.html.erb within layouts/application
  Rendered simple_calendar/_month_calendar.html.erb (Duration: 18.9ms | GC: 15.2ms)
  Rendered main/index.html.erb within layouts/application (Duration: 21.5ms | GC: 15.2ms)
  Rendered layout layouts/application.html.erb (Duration: 24.5ms | GC: 15.2ms)
Completed 200 OK in 41ms (Views: 27.0ms | ActiveRecord: 0.0ms (0 queries, 0 cached) | GC: 15.2ms)


Started GET "/?start_date=2026-02-02" for 127.0.0.1 at 2025-12-20 16:19:54 +0300
Processing by MainController#index as HTML
  Parameters: {"start_date" => "2026-02-02"}
  Rendering layout layouts/application.html.erb
  Rendering main/index.html.erb within layouts/application
  Rendered simple_calendar/_month_calendar.html.erb (Duration: 4.4ms | GC: 1.0ms)
  Rendered main/index.html.erb within layouts/application (Duration: 5.8ms | GC: 1.0ms)
  Rendered layout layouts/application.html.erb (Duration: 7.8ms | GC: 1.0ms)
Completed 200 OK in 24ms (Views: 9.2ms | ActiveRecord: 0.0ms (0 queries, 0 cached) | GC: 1.0ms)


Started GET "/?start_date=2026-03-02" for 127.0.0.1 at 2025-12-20 16:19:56 +0300
Processing by MainController#index as HTML
  Parameters: {"start_date" => "2026-03-02"}
  Rendering layout layouts/application.html.erb
  Rendering main/index.html.erb within layouts/application
  Rendered simple_calendar/_month_calendar.html.erb (Duration: 5.2ms | GC: 0.8ms)
  Rendered main/index.html.erb within layouts/application (Duration: 6.8ms | GC: 0.8ms)
  Rendered layout layouts/application.html.erb (Duration: 9.1ms | GC: 1.0ms)
Completed 200 OK in 24ms (Views: 10.5ms | ActiveRecord: 0.0ms (0 queries, 0 cached) | GC: 1.0ms)


Started GET "/?start_date=2026-04-06" for 127.0.0.1 at 2025-12-20 16:19:58 +0300
Processing by MainController#index as HTML
  Parameters: {"start_date" => "2026-04-06"}
  Rendering layout layouts/application.html.erb
  Rendering main/index.html.erb within layouts/application
  Rendered simple_calendar/_month_calendar.html.erb (Duration: 4.6ms | GC: 0.4ms)
  Rendered main/index.html.erb within layouts/application (Duration: 6.0ms | GC: 0.4ms)
  Rendered layout layouts/application.html.erb (Duration: 8.2ms | GC: 0.4ms)
Completed 200 OK in 26ms (Views: 9.6ms | ActiveRecord: 0.0ms (0 queries, 0 cached) | GC: 0.4ms)


Started GET "/?start_date=2026-05-04" for 127.0.0.1 at 2025-12-20 16:19:59 +0300
Processing by MainController#index as HTML
  Parameters: {"start_date" => "2026-05-04"}
  Rendering layout layouts/application.html.erb
  Rendering main/index.html.erb within layouts/application
  Rendered simple_calendar/_month_calendar.html.erb (Duration: 3.1ms | GC: 0.1ms)
  Rendered main/index.html.erb within layouts/application (Duration: 4.3ms | GC: 0.1ms)
  Rendered layout layouts/application.html.erb (Duration: 6.8ms | GC: 0.3ms)
Completed 200 OK in 23ms (Views: 8.2ms | ActiveRecord: 0.0ms (0 queries, 0 cached) | GC: 0.3ms)


Started GET "/?start_date=2026-06-01" for 127.0.0.1 at 2025-12-20 16:20:03 +0300
Processing by MainController#index as HTML
  Parameters: {"start_date" => "2026-06-01"}
  Rendering layout layouts/application.html.erb
  Rendering main/index.html.erb within layouts/application
  Rendered simple_calendar/_month_calendar.html.erb (Duration: 2.7ms | GC: 0.1ms)
  Rendered main/index.html.erb within layouts/application (Duration: 3.8ms | GC: 0.1ms)
  Rendered layout layouts/application.html.erb (Duration: 5.4ms | GC: 0.1ms)
Completed 200 OK in 18ms (Views: 6.7ms | ActiveRecord: 0.0ms (0 queries, 0 cached) | GC: 0.1ms)


Started GET "/?start_date=2026-05-31" for 127.0.0.1 at 2025-12-20 16:20:05 +0300
Processing by MainController#index as HTML
  Parameters: {"start_date" => "2026-05-31"}
  Rendering layout layouts/application.html.erb
  Rendering main/index.html.erb within layouts/application
  Rendered simple_calendar/_month_calendar.html.erb (Duration: 2.9ms | GC: 0.1ms)
  Rendered main/index.html.erb within layouts/application (Duration: 4.2ms | GC: 0.1ms)
  Rendered layout layouts/application.html.erb (Duration: 7.0ms | GC: 0.1ms)
Completed 200 OK in 24ms (Views: 8.6ms | ActiveRecord: 0.0ms (0 queries, 0 cached) | GC: 0.1ms)


Started GET "/?start_date=2026-04-26" for 127.0.0.1 at 2025-12-20 16:20:05 +0300
Processing by MainController#index as HTML
  Parameters: {"start_date" => "2026-04-26"}
  Rendering layout layouts/application.html.erb
  Rendering main/index.html.erb within layouts/application
  Rendered simple_calendar/_month_calendar.html.erb (Duration: 2.8ms | GC: 0.2ms)
  Rendered main/index.html.erb within layouts/application (Duration: 4.1ms | GC: 0.2ms)
  Rendered layout layouts/application.html.erb (Duration: 6.8ms | GC: 0.2ms)
Completed 200 OK in 22ms (Views: 8.4ms | ActiveRecord: 0.0ms (0 queries, 0 cached) | GC: 0.2ms)


Started GET "/?start_date=2026-03-29" for 127.0.0.1 at 2025-12-20 16:20:07 +0300
Processing by MainController#index as HTML
  Parameters: {"start_date" => "2026-03-29"}
  Rendering layout layouts/application.html.erb
  Rendering main/index.html.erb within layouts/application
  Rendered simple_calendar/_month_calendar.html.erb (Duration: 3.4ms | GC: 0.2ms)
  Rendered main/index.html.erb within layouts/application (Duration: 5.1ms | GC: 0.4ms)
  Rendered layout layouts/application.html.erb (Duration: 7.6ms | GC: 0.4ms)
Completed 200 OK in 22ms (Views: 9.3ms | ActiveRecord: 0.0ms (0 queries, 0 cached) | GC: 0.4ms)


Started GET "/?start_date=2026-02-22" for 127.0.0.1 at 2025-12-20 16:20:07 +0300
Processing by MainController#index as HTML
  Parameters: {"start_date" => "2026-02-22"}
  Rendering layout layouts/application.html.erb
  Rendering main/index.html.erb within layouts/application
  Rendered simple_calendar/_month_calendar.html.erb (Duration: 3.6ms | GC: 0.3ms)
  Rendered main/index.html.erb within layouts/application (Duration: 4.8ms | GC: 0.3ms)
  Rendered layout layouts/application.html.erb (Duration: 7.2ms | GC: 0.3ms)
Completed 200 OK in 22ms (Views: 8.6ms | ActiveRecord: 0.0ms (0 queries, 0 cached) | GC: 0.3ms)


Started GET "/?start_date=2026-01-25" for 127.0.0.1 at 2025-12-20 16:20:09 +0300
Processing by MainController#index as HTML
  Parameters: {"start_date" => "2026-01-25"}
  Rendering layout layouts/application.html.erb
  Rendering main/index.html.erb within layouts/application
  Rendered simple_calendar/_month_calendar.html.erb (Duration: 2.8ms | GC: 0.0ms)
  Rendered main/index.html.erb within layouts/application (Duration: 4.3ms | GC: 0.0ms)
  Rendered layout layouts/application.html.erb (Duration: 6.8ms | GC: 0.0ms)
Completed 200 OK in 23ms (Views: 8.4ms | ActiveRecord: 0.0ms (0 queries, 0 cached) | GC: 0.1ms)


Started GET "/?start_date=2025-12-28" for 127.0.0.1 at 2025-12-20 16:20:09 +0300
Processing by MainController#index as HTML
  Parameters: {"start_date" => "2025-12-28"}
  Rendering layout layouts/application.html.erb
  Rendering main/index.html.erb within layouts/application
  Rendered simple_calendar/_month_calendar.html.erb (Duration: 3.0ms | GC: 0.0ms)
  Rendered main/index.html.erb within layouts/application (Duration: 4.3ms | GC: 0.0ms)
  Rendered layout layouts/application.html.erb (Duration: 6.6ms | GC: 0.0ms)
Completed 200 OK in 21ms (Views: 8.1ms | ActiveRecord: 0.0ms (0 queries, 0 cached) | GC: 0.0ms)


Started GET "/?start_date=2025-11-30" for 127.0.0.1 at 2025-12-20 16:20:10 +0300
Processing by MainController#index as HTML
  Parameters: {"start_date" => "2025-11-30"}
  Rendering layout layouts/application.html.erb
  Rendering main/index.html.erb within layouts/application
  Rendered simple_calendar/_month_calendar.html.erb (Duration: 3.3ms | GC: 0.0ms)
  Rendered main/index.html.erb within layouts/application (Duration: 4.9ms | GC: 0.0ms)
  Rendered layout layouts/application.html.erb (Duration: 7.0ms | GC: 0.0ms)
Completed 200 OK in 22ms (Views: 8.6ms | ActiveRecord: 0.0ms (0 queries, 0 cached) | GC: 0.0ms)


Started GET "/?start_date=2025-10-26" for 127.0.0.1 at 2025-12-20 16:20:11 +0300
Processing by MainController#index as HTML
  Parameters: {"start_date" => "2025-10-26"}
  Rendering layout layouts/application.html.erb
  Rendering main/index.html.erb within layouts/application
  Rendered simple_calendar/_month_calendar.html.erb (Duration: 2.7ms | GC: 0.0ms)
  Rendered main/index.html.erb within layouts/application (Duration: 3.8ms | GC: 0.0ms)
  Rendered layout layouts/application.html.erb (Duration: 6.3ms | GC: 0.0ms)
Completed 200 OK in 22ms (Views: 7.8ms | ActiveRecord: 0.0ms (0 queries, 0 cached) | GC: 0.0ms)


Started GET "/?start_date=2025-09-28" for 127.0.0.1 at 2025-12-20 16:20:49 +0300
Processing by MainController#index as HTML
  Parameters: {"start_date" => "2025-09-28"}
  Rendering layout layouts/application.html.erb
  Rendering main/index.html.erb within layouts/application
  Rendered simple_calendar/_month_calendar.html.erb (Duration: 3.4ms | GC: 0.0ms)
  Rendered main/index.html.erb within layouts/application (Duration: 5.2ms | GC: 0.0ms)
  Rendered layout layouts/application.html.erb (Duration: 7.5ms | GC: 0.0ms)
Completed 200 OK in 28ms (Views: 9.2ms | ActiveRecord: 0.0ms (0 queries, 0 cached) | GC: 0.0ms)


Started GET "/?start_date=2025-08-31" for 127.0.0.1 at 2025-12-20 16:20:50 +0300
Processing by MainController#index as HTML
  Parameters: {"start_date" => "2025-08-31"}
  Rendering layout layouts/application.html.erb
  Rendering main/index.html.erb within layouts/application
  Rendered simple_calendar/_month_calendar.html.erb (Duration: 4.0ms | GC: 0.0ms)
  Rendered main/index.html.erb within layouts/application (Duration: 5.4ms | GC: 0.0ms)
  Rendered layout layouts/application.html.erb (Duration: 7.8ms | GC: 0.0ms)
Completed 200 OK in 26ms (Views: 9.4ms | ActiveRecord: 0.0ms (0 queries, 0 cached) | GC: 0.0ms)


Started GET "/" for 127.0.0.1 at 2025-12-20 16:45:33 +0300
  [1m[36mActiveRecord::SchemaMigration Load (0.2ms)[0m  [1m[34mSELECT "schema_migrations"."version" FROM "schema_migrations" ORDER BY "schema_migrations"."version" ASC /*application='SmartScoreCounter'*/[0m
Processing by MainController#index as HTML
  Rendering layout layouts/application.html.erb
  Rendering main/index.html.erb within layouts/application
  Rendered simple_calendar/_month_calendar.html.erb (Duration: 12.0ms | GC: 0.0ms)
  Rendered main/index.html.erb within layouts/application (Duration: 17.1ms | GC: 0.6ms)
  Rendered layout layouts/application.html.erb (Duration: 20.1ms | GC: 0.6ms)
Completed 200 OK in 27ms (Views: 22.2ms | ActiveRecord: 0.0ms (0 queries, 0 cached) | GC: 1.3ms)


Started GET "/?start_date=2026-01-05" for 127.0.0.1 at 2025-12-20 16:45:44 +0300
Processing by MainController#index as HTML
  Parameters: {"start_date" => "2026-01-05"}
  Rendering layout layouts/application.html.erb
  Rendering main/index.html.erb within layouts/application
  Rendered simple_calendar/_month_calendar.html.erb (Duration: 5.2ms | GC: 0.0ms)
  Rendered main/index.html.erb within layouts/application (Duration: 5.8ms | GC: 0.0ms)
  Rendered layout layouts/application.html.erb (Duration: 12.6ms | GC: 0.0ms)
Completed 200 OK in 13ms (Views: 13.0ms | ActiveRecord: 0.0ms (0 queries, 0 cached) | GC: 0.0ms)


Started GET "/?start_date=2026-02-02" for 127.0.0.1 at 2025-12-20 16:45:45 +0300
Processing by MainController#index as HTML
  Parameters: {"start_date" => "2026-02-02"}
  Rendering layout layouts/application.html.erb
  Rendering main/index.html.erb within layouts/application
  Rendered simple_calendar/_month_calendar.html.erb (Duration: 6.7ms | GC: 0.0ms)
  Rendered main/index.html.erb within layouts/application (Duration: 7.4ms | GC: 0.0ms)
  Rendered layout layouts/application.html.erb (Duration: 8.2ms | GC: 0.0ms)
Completed 200 OK in 9ms (Views: 8.6ms | ActiveRecord: 0.0ms (0 queries, 0 cached) | GC: 0.0ms)


Started GET "/?start_date=2026-01-25" for 127.0.0.1 at 2025-12-20 16:45:50 +0300
Processing by MainController#index as HTML
  Parameters: {"start_date" => "2026-01-25"}
  Rendering layout layouts/application.html.erb
  Rendering main/index.html.erb within layouts/application
  Rendered simple_calendar/_month_calendar.html.erb (Duration: 5.1ms | GC: 0.0ms)
  Rendered main/index.html.erb within layouts/application (Duration: 5.6ms | GC: 0.0ms)
  Rendered layout layouts/application.html.erb (Duration: 6.3ms | GC: 0.0ms)
Completed 200 OK in 7ms (Views: 6.6ms | ActiveRecord: 0.0ms (0 queries, 0 cached) | GC: 0.0ms)


  [1m[36mActiveRecord::InternalMetadata Load (0.1ms)[0m  [1m[34mSELECT * FROM "ar_internal_metadata" WHERE "ar_internal_metadata"."key" = 'environment' ORDER BY "ar_internal_metadata"."key" ASC LIMIT 1 /*application='SmartScoreCounter'*/[0m
  [1m[36mActiveRecord::InternalMetadata Create (2.8ms)[0m  [1m[32mINSERT INTO "ar_internal_metadata" ("key", "value", "created_at", "updated_at") VALUES ('environment', 'development', '2025-12-20 13:59:47.934241', '2025-12-20 13:59:47.934243') RETURNING "key" /*application='SmartScoreCounter'*/[0m
  [1m[36mActiveRecord::SchemaMigration Load (0.0ms)[0m  [1m[34mSELECT "schema_migrations"."version" FROM "schema_migrations" ORDER BY "schema_migrations"."version" ASC /*application='SmartScoreCounter'*/[0m
Migrating to CreateUsers (20251220135926)
  [1m[36mTRANSACTION (0.0ms)[0m  [1m[35mBEGIN immediate TRANSACTION /*application='SmartScoreCounter'*/[0m
  [1m[35m (0.9ms)[0m  [1m[35mCREATE TABLE "users" ("id" integer PRIMARY KEY AUTOINCREMENT NOT NULL, "name" varchar, "login" varchar, "password_digest" varchar, "target_points" integer, "current_points" integer, "created_at" datetime(6) NOT NULL, "updated_at" datetime(6) NOT NULL) /*application='SmartScoreCounter'*/[0m
  [1m[36mActiveRecord::SchemaMigration Create (0.1ms)[0m  [1m[32mINSERT INTO "schema_migrations" ("version") VALUES ('20251220135926') RETURNING "version" /*application='SmartScoreCounter'*/[0m
  [1m[36mTRANSACTION (0.1ms)[0m  [1m[35mCOMMIT TRANSACTION /*application='SmartScoreCounter'*/[0m
Migrating to CreateAttendanceDays (20251220135941)
  [1m[36mTRANSACTION (0.0ms)[0m  [1m[35mBEGIN immediate TRANSACTION /*application='SmartScoreCounter'*/[0m
  [1m[35m (0.8ms)[0m  [1m[35mCREATE TABLE "attendance_days" ("id" integer PRIMARY KEY AUTOINCREMENT NOT NULL, "user_id" integer NOT NULL, "day" date, "created_at" datetime(6) NOT NULL, "updated_at" datetime(6) NOT NULL, CONSTRAINT "fk_rails_e21c351b15"
FOREIGN KEY ("user_id")
  REFERENCES "users" ("id")
) /*application='SmartScoreCounter'*/[0m
  [1m[35m (0.1ms)[0m  [1m[35mCREATE INDEX "index_attendance_days_on_user_id" ON "attendance_days" ("user_id") /*application='SmartScoreCounter'*/[0m
  [1m[36mActiveRecord::SchemaMigration Create (0.1ms)[0m  [1m[32mINSERT INTO "schema_migrations" ("version") VALUES ('20251220135941') RETURNING "version" /*application='SmartScoreCounter'*/[0m
  [1m[36mTRANSACTION (0.1ms)[0m  [1m[35mCOMMIT TRANSACTION /*application='SmartScoreCounter'*/[0m
  [1m[36mActiveRecord::SchemaMigration Load (0.1ms)[0m  [1m[34mSELECT "schema_migrations"."version" FROM "schema_migrations" ORDER BY "schema_migrations"."version" ASC /*application='SmartScoreCounter'*/[0m
  [1m[36mActiveRecord::InternalMetadata Load (0.2ms)[0m  [1m[34mSELECT * FROM "ar_internal_metadata" WHERE "ar_internal_metadata"."key" = 'environment' ORDER BY "ar_internal_metadata"."key" ASC LIMIT 1 /*application='SmartScoreCounter'*/[0m
  [1m[36mActiveRecord::SchemaMigration Load (0.1ms)[0m  [1m[34mSELECT "schema_migrations"."version" FROM "schema_migrations" ORDER BY "schema_migrations"."version" ASC /*application='SmartScoreCounter'*/[0m
Migrating to CreateScheduleDays (20251220140944)
  [1m[36mTRANSACTION (0.0ms)[0m  [1m[35mBEGIN immediate TRANSACTION /*application='SmartScoreCounter'*/[0m
  [1m[35m (0.9ms)[0m  [1m[35mCREATE TABLE "schedule_days" ("id" integer PRIMARY KEY AUTOINCREMENT NOT NULL, "user_id" integer NOT NULL, "day_of_week" integer, "created_at" datetime(6) NOT NULL, "updated_at" datetime(6) NOT NULL, CONSTRAINT "fk_rails_42b4116d2d"
FOREIGN KEY ("user_id")
  REFERENCES "users" ("id")
) /*application='SmartScoreCounter'*/[0m
  [1m[35m (0.1ms)[0m  [1m[35mCREATE INDEX "index_schedule_days_on_user_id" ON "schedule_days" ("user_id") /*application='SmartScoreCounter'*/[0m
  [1m[36mActiveRecord::SchemaMigration Create (0.1ms)[0m  [1m[32mINSERT INTO "schema_migrations" ("version") VALUES ('20251220140944') RETURNING "version" /*application='SmartScoreCounter'*/[0m
  [1m[36mTRANSACTION (4.8ms)[0m  [1m[35mCOMMIT TRANSACTION /*application='SmartScoreCounter'*/[0m
  [1m[36mActiveRecord::SchemaMigration Load (0.0ms)[0m  [1m[34mSELECT "schema_migrations"."version" FROM "schema_migrations" ORDER BY "schema_migrations"."version" ASC /*application='SmartScoreCounter'*/[0m
Started GET "/" for 127.0.0.1 at 2025-12-20 17:19:23 +0300
  [1m[36mActiveRecord::SchemaMigration Load (0.2ms)[0m  [1m[34mSELECT "schema_migrations"."version" FROM "schema_migrations" ORDER BY "schema_migrations"."version" ASC /*application='SmartScoreCounter'*/[0m
Processing by MainController#index as HTML
  Rendering layout layouts/application.html.erb
  Rendering main/index.html.erb within layouts/application
  Rendered simple_calendar/_month_calendar.html.erb (Duration: 7.4ms | GC: 0.0ms)
  Rendered main/index.html.erb within layouts/application (Duration: 12.6ms | GC: 0.0ms)
  Rendered layout layouts/application.html.erb (Duration: 17.8ms | GC: 0.0ms)
Completed 200 OK in 22ms (Views: 19.9ms | ActiveRecord: 0.0ms (0 queries, 0 cached) | GC: 0.0ms)


Started GET "/" for 127.0.0.1 at 2025-12-20 17:22:00 +0300
  [1m[36mActiveRecord::SchemaMigration Load (0.1ms)[0m  [1m[34mSELECT "schema_migrations"."version" FROM "schema_migrations" ORDER BY "schema_migrations"."version" ASC /*application='SmartScoreCounter'*/[0m
Processing by MainController#index as HTML
  Rendering layout layouts/application.html.erb
  Rendering main/index.html.erb within layouts/application
  Rendered simple_calendar/_month_calendar.html.erb (Duration: 9.5ms | GC: 0.0ms)
  Rendered main/index.html.erb within layouts/application (Duration: 14.7ms | GC: 0.0ms)
  Rendered layout layouts/application.html.erb (Duration: 23.0ms | GC: 0.0ms)
Completed 200 OK in 29ms (Views: 26.1ms | ActiveRecord: 0.0ms (0 queries, 0 cached) | GC: 0.0ms)


Started GET "/login" for 127.0.0.1 at 2025-12-20 17:22:06 +0300
Processing by SessionsController#new as HTML
  Rendering layout layouts/application.html.erb
  Rendering sessions/new.html.erb within layouts/application
  Rendered sessions/new.html.erb within layouts/application (Duration: 1.6ms | GC: 0.0ms)
  Rendered layout layouts/application.html.erb (Duration: 2.4ms | GC: 0.0ms)
Completed 200 OK in 4ms (Views: 3.1ms | ActiveRecord: 0.0ms (0 queries, 0 cached) | GC: 0.0ms)


Started GET "/singup" for 127.0.0.1 at 2025-12-20 17:22:20 +0300
  
ActionController::RoutingError (No route matches [GET] "/singup"):
  
Started GET "/signup" for 127.0.0.1 at 2025-12-20 17:22:31 +0300
Processing by UsersController#new as HTML
Completed 500 Internal Server Error in 27ms (ActiveRecord: 0.0ms (0 queries, 0 cached) | GC: 12.7ms)


  
LoadError (cannot load such file -- bcrypt):
  
app/models/user.rb:2:in '<class:User>'
app/models/user.rb:1:in '<main>'
app/controllers/users_controller.rb:3:in 'UsersController#new'
Started GET "/" for 127.0.0.1 at 2025-12-20 17:23:30 +0300
  [1m[36mActiveRecord::SchemaMigration Load (0.2ms)[0m  [1m[34mSELECT "schema_migrations"."version" FROM "schema_migrations" ORDER BY "schema_migrations"."version" ASC /*application='SmartScoreCounter'*/[0m
Processing by MainController#index as HTML
  Rendering layout layouts/application.html.erb
  Rendering main/index.html.erb within layouts/application
  Rendered simple_calendar/_month_calendar.html.erb (Duration: 5.9ms | GC: 0.0ms)
  Rendered main/index.html.erb within layouts/application (Duration: 11.5ms | GC: 0.0ms)
  Rendered layout layouts/application.html.erb (Duration: 17.7ms | GC: 0.0ms)
Completed 200 OK in 22ms (Views: 19.7ms | ActiveRecord: 0.0ms (0 queries, 0 cached) | GC: 0.0ms)


Started GET "/signup" for 127.0.0.1 at 2025-12-20 17:23:40 +0300
Processing by UsersController#new as HTML
  Rendering layout layouts/application.html.erb
  Rendering users/new.html.erb within layouts/application
  Rendered users/new.html.erb within layouts/application (Duration: 3.9ms | GC: 0.0ms)
  Rendered layout layouts/application.html.erb (Duration: 4.6ms | GC: 0.0ms)
Completed 200 OK in 23ms (Views: 5.5ms | ActiveRecord: 1.3ms (0 queries, 0 cached) | GC: 0.0ms)


Started POST "/signup" for 127.0.0.1 at 2025-12-20 17:24:09 +0300
Processing by UsersController#create as HTML
  Parameters: {"authenticity_token" => "[FILTERED]", "user" => {"name" => "Герман", "login" => "fuuzy", "password" => "[FILTERED]", "password_confirmation" => "[FILTERED]", "target_points" => "60", "current_points" => "8"}, "commit" => "Создать аккаунт"}
  [1m[36mTRANSACTION (0.2ms)[0m  [1m[35mBEGIN immediate TRANSACTION /*action='create',application='SmartScoreCounter',controller='users'*/[0m
  ↳ app/controllers/users_controller.rb:9:in 'UsersController#create'
  [1m[36mUser Exists? (1.8ms)[0m  [1m[34mSELECT 1 AS one FROM "users" WHERE "users"."login" = 'fuuzy' LIMIT 1 /*action='create',application='SmartScoreCounter',controller='users'*/[0m
  ↳ app/controllers/users_controller.rb:9:in 'UsersController#create'
  [1m[36mUser Create (0.2ms)[0m  [1m[32mINSERT INTO "users" ("name", "login", "password_digest", "target_points", "current_points", "created_at", "updated_at") VALUES ('Герман', 'fuuzy', '$2a$12$.2dK/7ZA1kOaG5rk7enzK.iivwMMsGG6A7ehfZqP39CK2q1anWIGW', 60, 8, '2025-12-20 14:24:09.474728', '2025-12-20 14:24:09.474728') RETURNING "id" /*action='create',application='SmartScoreCounter',controller='users'*/[0m
  ↳ app/controllers/users_controller.rb:9:in 'UsersController#create'
  [1m[36mTRANSACTION (1.1ms)[0m  [1m[35mCOMMIT TRANSACTION /*action='create',application='SmartScoreCounter',controller='users'*/[0m
  ↳ app/controllers/users_controller.rb:9:in 'UsersController#create'
Redirected to http://127.0.0.1:3000/
↳ app/controllers/users_controller.rb:11:in 'UsersController#create'
Completed 302 Found in 212ms (ActiveRecord: 3.1ms (2 queries, 0 cached) | GC: 0.0ms)


Started GET "/" for 127.0.0.1 at 2025-12-20 17:24:09 +0300
Processing by MainController#index as HTML
  Rendering layout layouts/application.html.erb
  Rendering main/index.html.erb within layouts/application
  Rendered simple_calendar/_month_calendar.html.erb (Duration: 4.1ms | GC: 0.0ms)
  Rendered main/index.html.erb within layouts/application (Duration: 4.9ms | GC: 0.0ms)
  Rendered layout layouts/application.html.erb (Duration: 5.9ms | GC: 0.0ms)
Completed 200 OK in 7ms (Views: 6.4ms | ActiveRecord: 0.0ms (0 queries, 0 cached) | GC: 0.0ms)


Started GET "/login" for 127.0.0.1 at 2025-12-20 17:24:16 +0300
Processing by SessionsController#new as HTML
  Rendering layout layouts/application.html.erb
  Rendering sessions/new.html.erb within layouts/application
  Rendered sessions/new.html.erb within layouts/application (Duration: 1.9ms | GC: 0.0ms)
  Rendered layout layouts/application.html.erb (Duration: 3.0ms | GC: 0.0ms)
Completed 200 OK in 5ms (Views: 4.0ms | ActiveRecord: 0.0ms (0 queries, 0 cached) | GC: 0.0ms)


Started POST "/login" for 127.0.0.1 at 2025-12-20 17:24:23 +0300
Processing by SessionsController#create as HTML
  Parameters: {"authenticity_token" => "[FILTERED]", "login" => "fuuzy", "password" => "[FILTERED]", "commit" => "Войти"}
  [1m[36mUser Load (0.1ms)[0m  [1m[34mSELECT "users".* FROM "users" WHERE "users"."login" = 'fuuzy' LIMIT 1 /*action='create',application='SmartScoreCounter',controller='sessions'*/[0m
  ↳ app/controllers/sessions_controller.rb:5:in 'SessionsController#create'
  Rendering layout layouts/application.html.erb
  Rendering sessions/new.html.erb within layouts/application
  Rendered sessions/new.html.erb within layouts/application (Duration: 0.4ms | GC: 0.0ms)
  Rendered layout layouts/application.html.erb (Duration: 0.9ms | GC: 0.0ms)
Completed 422 Unprocessable Content in 191ms (Views: 1.3ms | ActiveRecord: 0.1ms (1 query, 0 cached) | GC: 0.0ms)


Started POST "/login" for 127.0.0.1 at 2025-12-20 17:24:53 +0300
Processing by SessionsController#create as HTML
  Parameters: {"authenticity_token" => "[FILTERED]", "login" => "fuuzy", "password" => "[FILTERED]", "commit" => "Войти"}
  [1m[36mUser Load (0.2ms)[0m  [1m[34mSELECT "users".* FROM "users" WHERE "users"."login" = 'fuuzy' LIMIT 1 /*action='create',application='SmartScoreCounter',controller='sessions'*/[0m
  ↳ app/controllers/sessions_controller.rb:5:in 'SessionsController#create'
  Rendering layout layouts/application.html.erb
  Rendering sessions/new.html.erb within layouts/application
  Rendered sessions/new.html.erb within layouts/application (Duration: 0.4ms | GC: 0.0ms)
  Rendered layout layouts/application.html.erb (Duration: 0.9ms | GC: 0.0ms)
Completed 422 Unprocessable Content in 198ms (Views: 1.4ms | ActiveRecord: 0.3ms (1 query, 0 cached) | GC: 0.0ms)


Started POST "/login" for 127.0.0.1 at 2025-12-20 17:25:08 +0300
Processing by SessionsController#create as HTML
  Parameters: {"authenticity_token" => "[FILTERED]", "login" => "fuuzy", "password" => "[FILTERED]", "commit" => "Войти"}
  [1m[36mUser Load (0.1ms)[0m  [1m[34mSELECT "users".* FROM "users" WHERE "users"."login" = 'fuuzy' LIMIT 1 /*action='create',application='SmartScoreCounter',controller='sessions'*/[0m
  ↳ app/controllers/sessions_controller.rb:5:in 'SessionsController#create'
  Rendering layout layouts/application.html.erb
  Rendering sessions/new.html.erb within layouts/application
  Rendered sessions/new.html.erb within layouts/application (Duration: 0.7ms | GC: 0.0ms)
  Rendered layout layouts/application.html.erb (Duration: 1.7ms | GC: 0.0ms)
Completed 422 Unprocessable Content in 193ms (Views: 3.0ms | ActiveRecord: 0.1ms (1 query, 0 cached) | GC: 0.0ms)


Started GET "/login" for 127.0.0.1 at 2025-12-20 17:25:16 +0300
Processing by SessionsController#new as HTML
  Rendering layout layouts/application.html.erb
  Rendering sessions/new.html.erb within layouts/application
  Rendered sessions/new.html.erb within layouts/application (Duration: 1.3ms | GC: 0.0ms)
  Rendered layout layouts/application.html.erb (Duration: 2.2ms | GC: 0.0ms)
Completed 200 OK in 5ms (Views: 3.7ms | ActiveRecord: 0.0ms (0 queries, 0 cached) | GC: 0.0ms)


Started GET "/registr" for 127.0.0.1 at 2025-12-20 17:25:46 +0300
  
ActionController::RoutingError (No route matches [GET] "/registr"):
  
Started GET "/singup" for 127.0.0.1 at 2025-12-20 17:26:42 +0300
  
ActionController::RoutingError (No route matches [GET] "/singup"):
  
Started GET "/signup" for 127.0.0.1 at 2025-12-20 17:26:50 +0300
Processing by UsersController#new as HTML
  Rendering layout layouts/application.html.erb
  Rendering users/new.html.erb within layouts/application
  Rendered users/new.html.erb within layouts/application (Duration: 1.2ms | GC: 0.0ms)
  Rendered layout layouts/application.html.erb (Duration: 1.7ms | GC: 0.0ms)
Completed 200 OK in 3ms (Views: 2.2ms | ActiveRecord: 0.0ms (0 queries, 0 cached) | GC: 0.0ms)


Started POST "/signup" for 127.0.0.1 at 2025-12-20 17:27:26 +0300
Processing by UsersController#create as HTML
  Parameters: {"authenticity_token" => "[FILTERED]", "user" => {"name" => "Герман", "login" => "fuuz", "password" => "[FILTERED]", "password_confirmation" => "[FILTERED]", "target_points" => "60", "current_points" => "8"}, "commit" => "Создать аккаунт"}
  [1m[36mTRANSACTION (0.1ms)[0m  [1m[35mBEGIN immediate TRANSACTION /*action='create',application='SmartScoreCounter',controller='users'*/[0m
  ↳ app/controllers/users_controller.rb:9:in 'UsersController#create'
  [1m[36mUser Exists? (1.0ms)[0m  [1m[34mSELECT 1 AS one FROM "users" WHERE "users"."login" = 'fuuz' LIMIT 1 /*action='create',application='SmartScoreCounter',controller='users'*/[0m
  ↳ app/controllers/users_controller.rb:9:in 'UsersController#create'
  [1m[36mUser Create (0.1ms)[0m  [1m[32mINSERT INTO "users" ("name", "login", "password_digest", "target_points", "current_points", "created_at", "updated_at") VALUES ('Герман', 'fuuz', '$2a$12$gtING2E5bnKWi7ahLYCXV.5ymFQoKf8Ol1iuT3VUhU72qu.0B.ZNy', 60, 8, '2025-12-20 14:27:27.191253', '2025-12-20 14:27:27.191253') RETURNING "id" /*action='create',application='SmartScoreCounter',controller='users'*/[0m
  ↳ app/controllers/users_controller.rb:9:in 'UsersController#create'
  [1m[36mTRANSACTION (0.1ms)[0m  [1m[35mCOMMIT TRANSACTION /*action='create',application='SmartScoreCounter',controller='users'*/[0m
  ↳ app/controllers/users_controller.rb:9:in 'UsersController#create'
Redirected to http://127.0.0.1:3000/
↳ app/controllers/users_controller.rb:11:in 'UsersController#create'
Completed 302 Found in 193ms (ActiveRecord: 1.2ms (2 queries, 0 cached) | GC: 0.0ms)


Started GET "/" for 127.0.0.1 at 2025-12-20 17:27:27 +0300
Processing by MainController#index as HTML
  Rendering layout layouts/application.html.erb
  Rendering main/index.html.erb within layouts/application
  Rendered simple_calendar/_month_calendar.html.erb (Duration: 5.7ms | GC: 0.0ms)
  Rendered main/index.html.erb within layouts/application (Duration: 6.7ms | GC: 0.0ms)
  Rendered layout layouts/application.html.erb (Duration: 8.1ms | GC: 0.0ms)
Completed 200 OK in 9ms (Views: 8.9ms | ActiveRecord: 0.0ms (0 queries, 0 cached) | GC: 0.0ms)


Started GET "/login" for 127.0.0.1 at 2025-12-20 17:27:33 +0300
Processing by SessionsController#new as HTML
  Rendering layout layouts/application.html.erb
  Rendering sessions/new.html.erb within layouts/application
  Rendered sessions/new.html.erb within layouts/application (Duration: 0.7ms | GC: 0.0ms)
  Rendered layout layouts/application.html.erb (Duration: 1.2ms | GC: 0.0ms)
Completed 200 OK in 19ms (Views: 18.5ms | ActiveRecord: 0.0ms (0 queries, 0 cached) | GC: 16.7ms)


Started POST "/login" for 127.0.0.1 at 2025-12-20 17:27:42 +0300
Processing by SessionsController#create as HTML
  Parameters: {"authenticity_token" => "[FILTERED]", "login" => "fuuz", "password" => "[FILTERED]", "commit" => "Войти"}
  [1m[36mUser Load (0.6ms)[0m  [1m[34mSELECT "users".* FROM "users" WHERE "users"."login" = 'fuuz' LIMIT 1 /*action='create',application='SmartScoreCounter',controller='sessions'*/[0m
  ↳ app/controllers/sessions_controller.rb:5:in 'SessionsController#create'
Redirected to http://127.0.0.1:3000/
↳ app/controllers/sessions_controller.rb:9:in 'SessionsController#create'
Completed 302 Found in 190ms (ActiveRecord: 0.5ms (1 query, 0 cached) | GC: 0.0ms)


Started GET "/" for 127.0.0.1 at 2025-12-20 17:27:42 +0300
Processing by MainController#index as HTML
  Rendering layout layouts/application.html.erb
  Rendering main/index.html.erb within layouts/application
  Rendered simple_calendar/_month_calendar.html.erb (Duration: 5.9ms | GC: 0.9ms)
  Rendered main/index.html.erb within layouts/application (Duration: 6.4ms | GC: 0.9ms)
  Rendered layout layouts/application.html.erb (Duration: 7.3ms | GC: 0.9ms)
Completed 200 OK in 8ms (Views: 7.7ms | ActiveRecord: 0.0ms (0 queries, 0 cached) | GC: 0.9ms)


Started GET "/signup" for 127.0.0.1 at 2025-12-20 17:28:12 +0300
Processing by UsersController#new as HTML
  Rendering layout layouts/application.html.erb
  Rendering users/new.html.erb within layouts/application
  Rendered users/new.html.erb within layouts/application (Duration: 2.0ms | GC: 0.0ms)
  Rendered layout layouts/application.html.erb (Duration: 2.7ms | GC: 0.0ms)
Completed 200 OK in 4ms (Views: 3.1ms | ActiveRecord: 0.0ms (0 queries, 0 cached) | GC: 0.0ms)


Started GET "/login" for 127.0.0.1 at 2025-12-20 17:29:19 +0300
Processing by SessionsController#new as HTML
  Rendering layout layouts/application.html.erb
  Rendering sessions/new.html.erb within layouts/application
  Rendered sessions/new.html.erb within layouts/application (Duration: 1.8ms | GC: 0.0ms)
  Rendered layout layouts/application.html.erb (Duration: 3.1ms | GC: 0.0ms)
Completed 200 OK in 5ms (Views: 4.1ms | ActiveRecord: 0.0ms (0 queries, 0 cached) | GC: 0.0ms)


Started POST "/login" for 127.0.0.1 at 2025-12-20 17:29:30 +0300
Processing by SessionsController#create as HTML
  Parameters: {"authenticity_token" => "[FILTERED]", "login" => "fuuz", "password" => "[FILTERED]", "commit" => "Войти"}
  [1m[36mUser Load (0.1ms)[0m  [1m[34mSELECT "users".* FROM "users" WHERE "users"."login" = 'fuuz' LIMIT 1 /*action='create',application='SmartScoreCounter',controller='sessions'*/[0m
  ↳ app/controllers/sessions_controller.rb:5:in 'SessionsController#create'
Redirected to http://127.0.0.1:3000/
↳ app/controllers/sessions_controller.rb:9:in 'SessionsController#create'
Completed 302 Found in 190ms (ActiveRecord: 0.1ms (1 query, 0 cached) | GC: 0.0ms)


Started GET "/" for 127.0.0.1 at 2025-12-20 17:29:31 +0300
Processing by MainController#index as HTML
  Rendering layout layouts/application.html.erb
  Rendering main/index.html.erb within layouts/application
  Rendered simple_calendar/_month_calendar.html.erb (Duration: 5.7ms | GC: 0.9ms)
  Rendered main/index.html.erb within layouts/application (Duration: 6.3ms | GC: 0.9ms)
  Rendered layout layouts/application.html.erb (Duration: 7.8ms | GC: 1.3ms)
Completed 200 OK in 9ms (Views: 8.3ms | ActiveRecord: 0.0ms (0 queries, 0 cached) | GC: 1.3ms)


  [1m[36mActiveRecord::InternalMetadata Load (0.1ms)[0m  [1m[34mSELECT * FROM "ar_internal_metadata" WHERE "ar_internal_metadata"."key" = 'environment' ORDER BY "ar_internal_metadata"."key" ASC LIMIT 1 /*application='SmartScoreCounter'*/[0m
  [1m[36mActiveRecord::SchemaMigration Load (0.0ms)[0m  [1m[34mSELECT "schema_migrations"."version" FROM "schema_migrations" ORDER BY "schema_migrations"."version" ASC /*application='SmartScoreCounter'*/[0m
Migrating to SetDefaultPointsForUsers (20251220143935)
  [1m[36mTRANSACTION (0.0ms)[0m  [1m[35mBEGIN immediate TRANSACTION /*application='SmartScoreCounter'*/[0m
  [1m[36mActiveRecord::SchemaMigration Create (0.9ms)[0m  [1m[32mINSERT INTO "schema_migrations" ("version") VALUES ('20251220143935') RETURNING "version" /*application='SmartScoreCounter'*/[0m
  [1m[36mTRANSACTION (4.9ms)[0m  [1m[35mCOMMIT TRANSACTION /*application='SmartScoreCounter'*/[0m
  [1m[36mActiveRecord::SchemaMigration Load (0.1ms)[0m  [1m[34mSELECT "schema_migrations"."version" FROM "schema_migrations" ORDER BY "schema_migrations"."version" ASC /*application='SmartScoreCounter'*/[0m
  [1m[36mActiveRecord::InternalMetadata Load (0.2ms)[0m  [1m[34mSELECT * FROM "ar_internal_metadata" WHERE "ar_internal_metadata"."key" = 'environment' ORDER BY "ar_internal_metadata"."key" ASC LIMIT 1 /*application='SmartScoreCounter'*/[0m
  [1m[36mActiveRecord::SchemaMigration Load (0.1ms)[0m  [1m[34mSELECT "schema_migrations"."version" FROM "schema_migrations" ORDER BY "schema_migrations"."version" ASC /*application='SmartScoreCounter'*/[0m
  [1m[36mActiveRecord::SchemaMigration Load (0.1ms)[0m  [1m[34mSELECT "schema_migrations"."version" FROM "schema_migrations" ORDER BY "schema_migrations"."version" ASC /*application='SmartScoreCounter'*/[0m
  [1m[36mActiveRecord::InternalMetadata Load (0.2ms)[0m  [1m[34mSELECT * FROM "ar_internal_metadata" WHERE "ar_internal_metadata"."key" = 'environment' ORDER BY "ar_internal_metadata"."key" ASC LIMIT 1 /*application='SmartScoreCounter'*/[0m
  [1m[36mActiveRecord::SchemaMigration Load (0.1ms)[0m  [1m[34mSELECT "schema_migrations"."version" FROM "schema_migrations" ORDER BY "schema_migrations"."version" ASC /*application='SmartScoreCounter'*/[0m
  [1m[36mActiveRecord::SchemaMigration Load (0.0ms)[0m  [1m[34mSELECT "schema_migrations"."version" FROM "schema_migrations" ORDER BY "schema_migrations"."version" ASC /*application='SmartScoreCounter'*/[0m
  [1m[36mActiveRecord::InternalMetadata Load (0.2ms)[0m  [1m[34mSELECT * FROM "ar_internal_metadata" WHERE "ar_internal_metadata"."key" = 'environment' ORDER BY "ar_internal_metadata"."key" ASC LIMIT 1 /*application='SmartScoreCounter'*/[0m
  [1m[36mActiveRecord::SchemaMigration Load (0.1ms)[0m  [1m[34mSELECT "schema_migrations"."version" FROM "schema_migrations" ORDER BY "schema_migrations"."version" ASC /*application='SmartScoreCounter'*/[0m
Migrating to SetDefaultPointsForUsers (20251220144101)
  [1m[36mTRANSACTION (0.1ms)[0m  [1m[35mBEGIN immediate TRANSACTION /*application='SmartScoreCounter'*/[0m
  [1m[35m (0.0ms)[0m  [1m[35mPRAGMA foreign_keys /*application='SmartScoreCounter'*/[0m
  [1m[35m (0.1ms)[0m  [1m[35mPRAGMA defer_foreign_keys /*application='SmartScoreCounter'*/[0m
  [1m[35m (0.0ms)[0m  [1m[35mPRAGMA defer_foreign_keys = ON /*application='SmartScoreCounter'*/[0m
  [1m[35m (0.0ms)[0m  [1m[35mPRAGMA foreign_keys = OFF /*application='SmartScoreCounter'*/[0m
  [1m[35m (0.1ms)[0m  [1m[35mCREATE TEMPORARY TABLE "ausers" ("id" integer PRIMARY KEY AUTOINCREMENT NOT NULL, "name" varchar, "login" varchar, "password_digest" varchar, "target_points" integer, "current_points" integer, "created_at" datetime(6) NOT NULL, "updated_at" datetime(6) NOT NULL) /*application='SmartScoreCounter'*/[0m
  [1m[35mSQL (0.1ms)[0m  [1m[32mINSERT INTO "ausers" ("id","name","login","password_digest","target_points","current_points","created_at","updated_at")
                     SELECT "id","name","login","password_digest","target_points","current_points","created_at","updated_at" FROM "users" /*application='SmartScoreCounter'*/[0m
  [1m[35m (0.1ms)[0m  [1m[35mDROP TABLE "users" /*application='SmartScoreCounter'*/[0m
  [1m[35m (0.1ms)[0m  [1m[35mCREATE TABLE "users" ("id" integer PRIMARY KEY AUTOINCREMENT NOT NULL, "name" varchar, "login" varchar, "password_digest" varchar, "target_points" integer DEFAULT 60, "current_points" integer, "created_at" datetime(6) NOT NULL, "updated_at" datetime(6) NOT NULL) /*application='SmartScoreCounter'*/[0m
  [1m[35mSQL (0.1ms)[0m  [1m[32mINSERT INTO "users" ("id","name","login","password_digest","target_points","current_points","created_at","updated_at")
                     SELECT "id","name","login","password_digest","target_points","current_points","created_at","updated_at" FROM "ausers" /*application='SmartScoreCounter'*/[0m
  [1m[35m (0.2ms)[0m  [1m[35mDROP TABLE "ausers" /*application='SmartScoreCounter'*/[0m
  [1m[35m (0.0ms)[0m  [1m[35mPRAGMA defer_foreign_keys = 0 /*application='SmartScoreCounter'*/[0m
  [1m[35m (0.0ms)[0m  [1m[35mPRAGMA foreign_keys = 1 /*application='SmartScoreCounter'*/[0m
  [1m[35m (0.0ms)[0m  [1m[35mPRAGMA foreign_keys /*application='SmartScoreCounter'*/[0m
  [1m[35m (0.0ms)[0m  [1m[35mPRAGMA defer_foreign_keys /*application='SmartScoreCounter'*/[0m
  [1m[35m (0.0ms)[0m  [1m[35mPRAGMA defer_foreign_keys = ON /*application='SmartScoreCounter'*/[0m
  [1m[35m (0.0ms)[0m  [1m[35mPRAGMA foreign_keys = OFF /*application='SmartScoreCounter'*/[0m
  [1m[35m (0.1ms)[0m  [1m[35mCREATE TEMPORARY TABLE "ausers" ("id" integer PRIMARY KEY AUTOINCREMENT NOT NULL, "name" varchar, "login" varchar, "password_digest" varchar, "target_points" integer DEFAULT 60, "current_points" integer, "created_at" datetime(6) NOT NULL, "updated_at" datetime(6) NOT NULL) /*application='SmartScoreCounter'*/[0m
  [1m[35mSQL (0.1ms)[0m  [1m[32mINSERT INTO "ausers" ("id","name","login","password_digest","target_points","current_points","created_at","updated_at")
                     SELECT "id","name","login","password_digest","target_points","current_points","created_at","updated_at" FROM "users" /*application='SmartScoreCounter'*/[0m
  [1m[35m (0.2ms)[0m  [1m[35mDROP TABLE "users" /*application='SmartScoreCounter'*/[0m
  [1m[35m (0.3ms)[0m  [1m[35mCREATE TABLE "users" ("id" integer PRIMARY KEY AUTOINCREMENT NOT NULL, "name" varchar, "login" varchar, "password_digest" varchar, "target_points" integer DEFAULT 60, "current_points" integer DEFAULT 0, "created_at" datetime(6) NOT NULL, "updated_at" datetime(6) NOT NULL) /*application='SmartScoreCounter'*/[0m
  [1m[35mSQL (0.1ms)[0m  [1m[32mINSERT INTO "users" ("id","name","login","password_digest","target_points","current_points","created_at","updated_at")
                     SELECT "id","name","login","password_digest","target_points","current_points","created_at","updated_at" FROM "ausers" /*application='SmartScoreCounter'*/[0m
  [1m[35m (0.1ms)[0m  [1m[35mDROP TABLE "ausers" /*application='SmartScoreCounter'*/[0m
  [1m[35m (0.0ms)[0m  [1m[35mPRAGMA defer_foreign_keys = 0 /*application='SmartScoreCounter'*/[0m
  [1m[35m (0.0ms)[0m  [1m[35mPRAGMA foreign_keys = 1 /*application='SmartScoreCounter'*/[0m
  [1m[35mSQL (0.0ms)[0m  [1m[33mUPDATE "users" SET "target_points"=60 WHERE "target_points" IS NULL /*application='SmartScoreCounter'*/[0m
  [1m[35m (0.0ms)[0m  [1m[35mPRAGMA foreign_keys /*application='SmartScoreCounter'*/[0m
  [1m[35m (0.0ms)[0m  [1m[35mPRAGMA defer_foreign_keys /*application='SmartScoreCounter'*/[0m
  [1m[35m (0.0ms)[0m  [1m[35mPRAGMA defer_foreign_keys = ON /*application='SmartScoreCounter'*/[0m
  [1m[35m (0.0ms)[0m  [1m[35mPRAGMA foreign_keys = OFF /*application='SmartScoreCounter'*/[0m
  [1m[35m (0.1ms)[0m  [1m[35mCREATE TEMPORARY TABLE "ausers" ("id" integer PRIMARY KEY AUTOINCREMENT NOT NULL, "name" varchar, "login" varchar, "password_digest" varchar, "target_points" integer DEFAULT 60, "current_points" integer DEFAULT 0, "created_at" datetime(6) NOT NULL, "updated_at" datetime(6) NOT NULL) /*application='SmartScoreCounter'*/[0m
  [1m[35mSQL (0.0ms)[0m  [1m[32mINSERT INTO "ausers" ("id","name","login","password_digest","target_points","current_points","created_at","updated_at")
                     SELECT "id","name","login","password_digest","target_points","current_points","created_at","updated_at" FROM "users" /*application='SmartScoreCounter'*/[0m
  [1m[35m (0.1ms)[0m  [1m[35mDROP TABLE "users" /*application='SmartScoreCounter'*/[0m
  [1m[35m (0.1ms)[0m  [1m[35mCREATE TABLE "users" ("id" integer PRIMARY KEY AUTOINCREMENT NOT NULL, "name" varchar, "login" varchar, "password_digest" varchar, "target_points" integer DEFAULT 60 NOT NULL, "current_points" integer DEFAULT 0, "created_at" datetime(6) NOT NULL, "updated_at" datetime(6) NOT NULL) /*application='SmartScoreCounter'*/[0m
  [1m[35mSQL (0.1ms)[0m  [1m[32mINSERT INTO "users" ("id","name","login","password_digest","target_points","current_points","created_at","updated_at")
                     SELECT "id","name","login","password_digest","target_points","current_points","created_at","updated_at" FROM "ausers" /*application='SmartScoreCounter'*/[0m
  [1m[35m (0.1ms)[0m  [1m[35mDROP TABLE "ausers" /*application='SmartScoreCounter'*/[0m
  [1m[35m (0.1ms)[0m  [1m[35mPRAGMA defer_foreign_keys = 0 /*application='SmartScoreCounter'*/[0m
  [1m[35m (0.0ms)[0m  [1m[35mPRAGMA foreign_keys = 1 /*application='SmartScoreCounter'*/[0m
  [1m[35mSQL (0.1ms)[0m  [1m[33mUPDATE "users" SET "current_points"=0 WHERE "current_points" IS NULL /*application='SmartScoreCounter'*/[0m
  [1m[35m (0.0ms)[0m  [1m[35mPRAGMA foreign_keys /*application='SmartScoreCounter'*/[0m
  [1m[35m (0.0ms)[0m  [1m[35mPRAGMA defer_foreign_keys /*application='SmartScoreCounter'*/[0m
  [1m[35m (0.0ms)[0m  [1m[35mPRAGMA defer_foreign_keys = ON /*application='SmartScoreCounter'*/[0m
  [1m[35m (0.0ms)[0m  [1m[35mPRAGMA foreign_keys = OFF /*application='SmartScoreCounter'*/[0m
  [1m[35m (0.1ms)[0m  [1m[35mCREATE TEMPORARY TABLE "ausers" ("id" integer PRIMARY KEY AUTOINCREMENT NOT NULL, "name" varchar, "login" varchar, "password_digest" varchar, "target_points" integer DEFAULT 60 NOT NULL, "current_points" integer DEFAULT 0, "created_at" datetime(6) NOT NULL, "updated_at" datetime(6) NOT NULL) /*application='SmartScoreCounter'*/[0m
  [1m[35mSQL (0.1ms)[0m  [1m[32mINSERT INTO "ausers" ("id","name","login","password_digest","target_points","current_points","created_at","updated_at")
                     SELECT "id","name","login","password_digest","target_points","current_points","created_at","updated_at" FROM "users" /*application='SmartScoreCounter'*/[0m
  [1m[35m (0.2ms)[0m  [1m[35mDROP TABLE "users" /*application='SmartScoreCounter'*/[0m
  [1m[35m (0.1ms)[0m  [1m[35mCREATE TABLE "users" ("id" integer PRIMARY KEY AUTOINCREMENT NOT NULL, "name" varchar, "login" varchar, "password_digest" varchar, "target_points" integer DEFAULT 60 NOT NULL, "current_points" integer DEFAULT 0 NOT NULL, "created_at" datetime(6) NOT NULL, "updated_at" datetime(6) NOT NULL) /*application='SmartScoreCounter'*/[0m
  [1m[35mSQL (0.1ms)[0m  [1m[32mINSERT INTO "users" ("id","name","login","password_digest","target_points","current_points","created_at","updated_at")
                     SELECT "id","name","login","password_digest","target_points","current_points","created_at","updated_at" FROM "ausers" /*application='SmartScoreCounter'*/[0m
  [1m[35m (0.1ms)[0m  [1m[35mDROP TABLE "ausers" /*application='SmartScoreCounter'*/[0m
  [1m[35m (0.0ms)[0m  [1m[35mPRAGMA defer_foreign_keys = 0 /*application='SmartScoreCounter'*/[0m
  [1m[35m (0.0ms)[0m  [1m[35mPRAGMA foreign_keys = 1 /*application='SmartScoreCounter'*/[0m
  [1m[36mActiveRecord::SchemaMigration Create (0.1ms)[0m  [1m[32mINSERT INTO "schema_migrations" ("version") VALUES ('20251220144101') RETURNING "version" /*application='SmartScoreCounter'*/[0m
  [1m[36mTRANSACTION (5.3ms)[0m  [1m[35mCOMMIT TRANSACTION /*application='SmartScoreCounter'*/[0m
  [1m[36mActiveRecord::SchemaMigration Load (0.1ms)[0m  [1m[34mSELECT "schema_migrations"."version" FROM "schema_migrations" ORDER BY "schema_migrations"."version" ASC /*application='SmartScoreCounter'*/[0m
Started GET "/" for 127.0.0.1 at 2025-12-20 17:44:01 +0300
  [1m[36mActiveRecord::SchemaMigration Load (0.2ms)[0m  [1m[34mSELECT "schema_migrations"."version" FROM "schema_migrations" ORDER BY "schema_migrations"."version" ASC /*application='SmartScoreCounter'*/[0m
Processing by MainController#index as HTML
  Rendering layout layouts/application.html.erb
  Rendering main/index.html.erb within layouts/application
  Rendered simple_calendar/_month_calendar.html.erb (Duration: 7.7ms | GC: 0.0ms)
  Rendered main/index.html.erb within layouts/application (Duration: 14.3ms | GC: 0.0ms)
  Rendered layout layouts/application.html.erb (Duration: 19.0ms | GC: 0.0ms)
Completed 200 OK in 24ms (Views: 21.3ms | ActiveRecord: 0.0ms (0 queries, 0 cached) | GC: 0.0ms)


Started GET "/settings" for 127.0.0.1 at 2025-12-20 17:44:14 +0300
Processing by SettingsController#edit as HTML
  [1m[36mUser Load (0.2ms)[0m  [1m[34mSELECT "users".* FROM "users" WHERE "users"."id" = 2 LIMIT 1 /*action='edit',application='SmartScoreCounter',controller='settings'*/[0m
  ↳ app/controllers/application_controller.rb:8:in 'ApplicationController#current_user'
  Rendering layout layouts/application.html.erb
  Rendering settings/edit.html.erb within layouts/application
  [1m[36mScheduleDay Pluck (0.1ms)[0m  [1m[34mSELECT "schedule_days"."day_of_week" FROM "schedule_days" WHERE "schedule_days"."user_id" = 2 /*action='edit',application='SmartScoreCounter',controller='settings'*/[0m
  ↳ app/views/settings/edit.html.erb:21
  Rendered settings/edit.html.erb within layouts/application (Duration: 21.3ms | GC: 0.0ms)
  Rendered layout layouts/application.html.erb (Duration: 21.8ms | GC: 0.0ms)
Completed 200 OK in 42ms (Views: 21.8ms | ActiveRecord: 1.7ms (2 queries, 0 cached) | GC: 0.0ms)


Started GET "/" for 127.0.0.1 at 2025-12-20 17:45:52 +0300
  [1m[36mActiveRecord::SchemaMigration Load (0.2ms)[0m  [1m[34mSELECT "schema_migrations"."version" FROM "schema_migrations" ORDER BY "schema_migrations"."version" ASC /*application='SmartScoreCounter'*/[0m
Processing by MainController#index as HTML
  Rendering layout layouts/application.html.erb
  Rendering main/index.html.erb within layouts/application
  Rendered simple_calendar/_month_calendar.html.erb (Duration: 7.3ms | GC: 0.0ms)
  Rendered main/index.html.erb within layouts/application (Duration: 12.7ms | GC: 0.0ms)
  Rendered layout layouts/application.html.erb (Duration: 17.5ms | GC: 0.0ms)
Completed 200 OK in 25ms (Views: 22.5ms | ActiveRecord: 0.0ms (0 queries, 0 cached) | GC: 0.0ms)


Started GET "/signup" for 127.0.0.1 at 2025-12-20 17:45:59 +0300
Processing by UsersController#new as HTML
  Rendering layout layouts/application.html.erb
  Rendering users/new.html.erb within layouts/application
  Rendered users/new.html.erb within layouts/application (Duration: 2.0ms | GC: 0.0ms)
  Rendered layout layouts/application.html.erb (Duration: 2.5ms | GC: 0.0ms)
Completed 200 OK in 18ms (Views: 3.1ms | ActiveRecord: 1.2ms (0 queries, 0 cached) | GC: 0.0ms)


Started GET "/login" for 127.0.0.1 at 2025-12-20 17:46:13 +0300
Processing by SessionsController#new as HTML
  Rendering layout layouts/application.html.erb
  Rendering sessions/new.html.erb within layouts/application
  Rendered sessions/new.html.erb within layouts/application (Duration: 0.8ms | GC: 0.0ms)
  Rendered layout layouts/application.html.erb (Duration: 1.3ms | GC: 0.0ms)
Completed 200 OK in 2ms (Views: 1.7ms | ActiveRecord: 0.0ms (0 queries, 0 cached) | GC: 0.0ms)


Started GET "/settings" for 127.0.0.1 at 2025-12-20 17:46:39 +0300
Processing by SettingsController#edit as HTML
  [1m[36mUser Load (0.1ms)[0m  [1m[34mSELECT "users".* FROM "users" WHERE "users"."id" = 2 LIMIT 1 /*action='edit',application='SmartScoreCounter',controller='settings'*/[0m
  ↳ app/controllers/application_controller.rb:8:in 'ApplicationController#current_user'
  Rendering layout layouts/application.html.erb
  Rendering settings/edit.html.erb within layouts/application
  [1m[36mScheduleDay Pluck (0.1ms)[0m  [1m[34mSELECT "schedule_days"."day_of_week" FROM "schedule_days" WHERE "schedule_days"."user_id" = 2 /*action='edit',application='SmartScoreCounter',controller='settings'*/[0m
  ↳ app/views/settings/edit.html.erb:21
  Rendered settings/edit.html.erb within layouts/application (Duration: 7.9ms | GC: 0.0ms)
  Rendered layout layouts/application.html.erb (Duration: 8.3ms | GC: 0.0ms)
Completed 200 OK in 14ms (Views: 8.5ms | ActiveRecord: 0.5ms (2 queries, 0 cached) | GC: 0.0ms)


Started PATCH "/settings" for 127.0.0.1 at 2025-12-20 17:47:09 +0300
Processing by SettingsController#update as HTML
  Parameters: {"authenticity_token" => "[FILTERED]", "user" => {"name" => "Герман", "target_points" => "60", "current_points" => "8"}, "days" => ["wednesday"], "commit" => "Сохранить"}
  [1m[36mUser Load (0.2ms)[0m  [1m[34mSELECT "users".* FROM "users" WHERE "users"."id" = 2 LIMIT 1 /*action='update',application='SmartScoreCounter',controller='settings'*/[0m
  ↳ app/controllers/application_controller.rb:8:in 'ApplicationController#current_user'
  [1m[36mTRANSACTION (0.2ms)[0m  [1m[35mBEGIN immediate TRANSACTION /*action='update',application='SmartScoreCounter',controller='settings'*/[0m
  ↳ app/controllers/settings_controller.rb:11:in 'SettingsController#update'
  [1m[36mUser Exists? (0.1ms)[0m  [1m[34mSELECT 1 AS one FROM "users" WHERE "users"."login" = 'fuuz' AND "users"."id" != 2 LIMIT 1 /*action='update',application='SmartScoreCounter',controller='settings'*/[0m
  ↳ app/controllers/settings_controller.rb:11:in 'SettingsController#update'
  [1m[36mTRANSACTION (0.0ms)[0m  [1m[35mCOMMIT TRANSACTION /*action='update',application='SmartScoreCounter',controller='settings'*/[0m
  ↳ app/controllers/settings_controller.rb:11:in 'SettingsController#update'
  [1m[36mScheduleDay Delete All (0.1ms)[0m  [1m[31mDELETE FROM "schedule_days" WHERE "schedule_days"."user_id" = 2 /*action='update',application='SmartScoreCounter',controller='settings'*/[0m
  ↳ app/controllers/settings_controller.rb:27:in 'SettingsController#save_schedule_days!'
  [1m[36mTRANSACTION (0.1ms)[0m  [1m[35mBEGIN immediate TRANSACTION /*action='update',application='SmartScoreCounter',controller='settings'*/[0m
  ↳ app/controllers/settings_controller.rb:28:in 'block in SettingsController#save_schedule_days!'
  [1m[36mScheduleDay Exists? (1.6ms)[0m  [1m[34mSELECT 1 AS one FROM "schedule_days" WHERE "schedule_days"."day_of_week" = 3 AND "schedule_days"."user_id" = 2 LIMIT 1 /*action='update',application='SmartScoreCounter',controller='settings'*/[0m
  ↳ app/controllers/settings_controller.rb:28:in 'block in SettingsController#save_schedule_days!'
  [1m[36mScheduleDay Create (0.1ms)[0m  [1m[32mINSERT INTO "schedule_days" ("user_id", "day_of_week", "created_at", "updated_at") VALUES (2, 3, '2025-12-20 14:47:09.381830', '2025-12-20 14:47:09.381830') RETURNING "id" /*action='update',application='SmartScoreCounter',controller='settings'*/[0m
  ↳ app/controllers/settings_controller.rb:28:in 'block in SettingsController#save_schedule_days!'
  [1m[36mTRANSACTION (1.3ms)[0m  [1m[35mCOMMIT TRANSACTION /*action='update',application='SmartScoreCounter',controller='settings'*/[0m
  ↳ app/controllers/settings_controller.rb:28:in 'block in SettingsController#save_schedule_days!'
Redirected to http://127.0.0.1:3000/settings
↳ app/controllers/settings_controller.rb:13:in 'SettingsController#update'
Completed 302 Found in 48ms (ActiveRecord: 27.6ms (5 queries, 0 cached) | GC: 23.3ms)


Started GET "/settings" for 127.0.0.1 at 2025-12-20 17:47:09 +0300
Processing by SettingsController#edit as HTML
  [1m[36mUser Load (0.1ms)[0m  [1m[34mSELECT "users".* FROM "users" WHERE "users"."id" = 2 LIMIT 1 /*action='edit',application='SmartScoreCounter',controller='settings'*/[0m
  ↳ app/controllers/application_controller.rb:8:in 'ApplicationController#current_user'
  Rendering layout layouts/application.html.erb
  Rendering settings/edit.html.erb within layouts/application
  [1m[36mScheduleDay Pluck (0.1ms)[0m  [1m[34mSELECT "schedule_days"."day_of_week" FROM "schedule_days" WHERE "schedule_days"."user_id" = 2 /*action='edit',application='SmartScoreCounter',controller='settings'*/[0m
  ↳ app/views/settings/edit.html.erb:21
  Rendered settings/edit.html.erb within layouts/application (Duration: 2.2ms | GC: 0.5ms)
  Rendered layout layouts/application.html.erb (Duration: 2.6ms | GC: 0.5ms)
Completed 200 OK in 4ms (Views: 2.9ms | ActiveRecord: 0.2ms (2 queries, 0 cached) | GC: 0.5ms)


Started GET "/settings" for 127.0.0.1 at 2025-12-20 17:47:11 +0300
Processing by SettingsController#edit as HTML
  [1m[36mUser Load (0.1ms)[0m  [1m[34mSELECT "users".* FROM "users" WHERE "users"."id" = 2 LIMIT 1 /*action='edit',application='SmartScoreCounter',controller='settings'*/[0m
  ↳ app/controllers/application_controller.rb:8:in 'ApplicationController#current_user'
  Rendering layout layouts/application.html.erb
  Rendering settings/edit.html.erb within layouts/application
  [1m[36mScheduleDay Pluck (0.1ms)[0m  [1m[34mSELECT "schedule_days"."day_of_week" FROM "schedule_days" WHERE "schedule_days"."user_id" = 2 /*action='edit',application='SmartScoreCounter',controller='settings'*/[0m
  ↳ app/views/settings/edit.html.erb:21
  Rendered settings/edit.html.erb within layouts/application (Duration: 2.4ms | GC: 0.0ms)
  Rendered layout layouts/application.html.erb (Duration: 3.0ms | GC: 0.0ms)
Completed 200 OK in 5ms (Views: 3.4ms | ActiveRecord: 0.2ms (2 queries, 0 cached) | GC: 0.0ms)


Started GET "/settings" for 127.0.0.1 at 2025-12-20 17:47:18 +0300
Processing by SettingsController#edit as HTML
  [1m[36mUser Load (0.1ms)[0m  [1m[34mSELECT "users".* FROM "users" WHERE "users"."id" = 2 LIMIT 1 /*action='edit',application='SmartScoreCounter',controller='settings'*/[0m
  ↳ app/controllers/application_controller.rb:8:in 'ApplicationController#current_user'
  Rendering layout layouts/application.html.erb
  Rendering settings/edit.html.erb within layouts/application
  [1m[36mScheduleDay Pluck (0.1ms)[0m  [1m[34mSELECT "schedule_days"."day_of_week" FROM "schedule_days" WHERE "schedule_days"."user_id" = 2 /*action='edit',application='SmartScoreCounter',controller='settings'*/[0m
  ↳ app/views/settings/edit.html.erb:21
  Rendered settings/edit.html.erb within layouts/application (Duration: 2.5ms | GC: 0.0ms)
  Rendered layout layouts/application.html.erb (Duration: 3.1ms | GC: 0.0ms)
Completed 200 OK in 5ms (Views: 3.3ms | ActiveRecord: 0.3ms (2 queries, 0 cached) | GC: 0.0ms)


